代號,名稱,產業鏈代碼,產業鏈名稱,位置,子分類,上游公司,下游公司,download_timestamp,process_timestamp
2308,台達電,J000,被動元件,中游,電阻器;電感器;電容器,5434|崇越;3663|鑫科;4760|勤凱科技;6127|九豪;6204|艾華;7896|喬越;|陶氏;|Ferro;|賀利氏;6971.T|京瓷;|Maruwa;|Nippon Carbide;2492|華新科;6173|信昌電;6175|立敦;|東陽光科;|日立化成;|日本蓄電器株式会社;|日本ケミコン株式会社;|Resonac,,2026-08-16 01:24:03 CST,2026-08-16 01:24:03 CST
2308,台達電,5300,人工智慧,上游,系統整合;智慧設備;電腦視覺;顧問諮詢;機器學習,,,2026-08-16 01:24:03 CST,2026-08-16 01:24:03 CST
2308,台達電,E000,能源元件,下游/中游,電池芯;電池模組,1723|中碳;2352|佳世達;3010|華立;4739|康普;5234|達興材料;6278|台表科;8215|明基材;8261|富鼎;1589|永冠-KY;3665|貿聯-KY;3388|崇越電;6509|聚和;8038|長園科;5227|立凱-KY;3616|泓辰;6555|榮炭;6990|華鉬;7816|來穎;7896|喬越;|L&F,2360|致茂;2439|美律;2459|敦吉;3015|全漢;3026|禾伸堂;6278|台表科;3211|順達;3323|加百裕;3625|西勝;4931|新盛力;5309|系統電;6121|新普;6441|廣錠;6509|聚和;8038|長園科;8109|博大;8171|天宇;5543|桓鼎-KY;6940|格斯科技*;7758|睿騰能源,2026-08-16 01:24:03 CST,2026-08-16 01:24:03 CST
2308,台達電,I000,通信網路,下游,光通訊設備(如光纖電纜、光傳輸設備);網路設備(如數據機、網路卡、閘道器、路由器、網路電話);無線通訊設備(如行動電話、衛星定位系統、衛星/微波通訊設備、數位機上盒),2459|敦吉;3169|亞信;6470|宇智;8096|擎亞;7661|皓德盛科技;|英特爾;|三星電子;QCOM|高通;2344|華邦電;2408|南亞科;3260|威剛;4973|廣穎電通;8084|巨虹;8088|品安;7866|丹立;7655|依得科;MU|美光;000660.KS|SK海力士;2466|冠西電;2476|鉅祥,,2026-08-16 01:24:03 CST,2026-08-16 01:24:03 CST
2308,台達電,5400,雲端運算,下游/中游/上游,設備管理軟體;系統整合;電腦設備;設備安裝服務;電力設備,2352|佳世達;2382|廣達;2390|云辰;2480|敦陽科;2495|普安;3029|零壹;3057|喬鼎;3706|神達;6112|邁達特;6614|資拓宏宇;6669|緯穎;8210|勤誠;6221|晉泰;6263|普萊德;6680|鑫創電子;6752|叡揚;7805|威聯通;8277|商丞;5223|安力-KY;6938|藍新資訊,2301|光寶科;2390|云辰;2395|研華;2480|敦陽科;2495|普安;3029|零壹;3057|喬鼎;4904|遠傳;6112|邁達特;6614|資拓宏宇;6689|伊雲谷;6123|上奇;6221|晉泰;6263|普萊德;6561|是方;6697|東捷資訊;6752|叡揚;6811|宏碁資訊;6865|偉康科技;6870|騰雲,2026-08-16 01:24:03 CST,2026-08-16 01:24:03 CST
2308,台達電,B000,休閒娛樂,上游,休閒車業,,,2026-08-16 01:24:03 CST,2026-08-16 01:24:03 CST
2308,台達電,P000,電機機械,下游/上游,輸送機械及零配件;專用機械(如紡織成衣生產用機械、食品飲料生產用機械、農林用機械等);電控元件;傳動元件,1532|勤美;2371|大同;2483|百容;1589|永冠-KY;2067|嘉鋼;4538|大詠城;4580|捷流閥業;6705|振躍精密;|勤美達國際;|江蘇吉鑫風能;|吉鑫科技;1504|東元;1526|日馳;1536|和大;1597|直得;2049|上銀;2233|宇隆;4540|全球傳動;4576|大銀微系統;4583|台灣精銳,1513|中興電;1530|亞崴;1540|喬福;1583|程泰;4526|東台;4562|穎漢;5007|三星;6606|建德工業;1590|亞德客-KY;3162|精確;4510|高鋒;4513|福裕;4533|協易機;4563|百德;6609|瀧澤科;7709|榮田;8092|建暐;4544|春日;4575|銓寶;|開拓重工,2026-08-16 01:24:03 CST,2026-08-16 01:24:03 CST
2308,台達電,5600,大數據,上游,領域解決方案;顧問諮詢;運算元件與設備;系統整合,,,2026-08-16 01:24:03 CST,2026-08-16 01:24:03 CST
2308,台達電,X000,其他,上游,特殊照明業,,,2026-08-16 01:24:03 CST,2026-08-16 01:24:03 CST
2308,台達電,AB20,風力發電,上游,電力系統;監控系統,,,2026-08-16 01:24:03 CST,2026-08-16 01:24:03 CST
2308,台達電,S000,建材營造,上游,機電工程,,1472|三洋實業;2511|太子;2515|中工;2516|新建;2535|達欣工;2543|皇昌;2546|根基;2597|潤弘;3703|欣陸;5515|建國;5519|隆大;5521|工信;9945|潤泰新;5511|德昌;5516|雙喜;5547|久舜;5548|安倉;6264|富裔;8936|國統;|中國鐵建集團,2026-08-16 01:24:03 CST,2026-08-16 01:24:03 CST
2308,台達電,R000,軟體服務,上游,應用/系統軟體設計開發,,,2026-08-16 01:24:03 CST,2026-08-16 01:24:03 CST
2308,台達電,5700,體驗科技,上游,其他,,,2026-08-16 01:24:03 CST,2026-08-16 01:24:03 CST
2308,台達電,4100,太空衛星科技,上游,零組件/材料,,|Arianespace;|Blue Origin;|Northrop Grumman Innovation Systems;|Rocket Lab;|SpaceX;|United Launch Alliance;|Virgin Orbit;|Nanoracks;|SEOPS;|Echostar;|Eutelsat;|Inmarsat;|Kongsberg Satellite Services (K-SAT);|Kongsberg Satellite Services（K-SAT）;|Oneweb;|俄羅斯航太;|Starlink;|Swedish Space Corporation (SSC);|Swedish Space Corporation（SSC）;2453|凌群,2026-08-16 01:24:03 CST,2026-08-16 01:24:03 CST
2308,台達電,AD10,智慧電網,上游,高/低壓輸電設施;配電管理設施;能源管理服務;系統整合服務,,,2026-08-16 01:24:03 CST,2026-08-16 01:24:03 CST
2308,台達電,C200,醫療器材,下游/中游/上游,醫療器材代理銷售及通路;醫療器材研發、設計、製造;電子零組件、塑化材料、五金零件,2459|敦吉;2476|鉅祥;3010|華立;3543|州巧;6838|台新藥;3665|貿聯-KY;1593|祺驊;3162|精確;3294|英濟;3303|岱稜;4183|福永生技;5356|協益;6151|晉倫;6275|元山;6577|勁豐;6913|鴻呈;7744|崴寶;8109|博大;3184|微邦;7850|寶泰生醫,2352|佳世達;2371|大同;3543|州巧;4104|佳醫;4164|承業醫;4169|泰宗;4195|基米-創;4720|德淵;6614|資拓宏宇;6645|金萬林-創;6838|台新藥;6918|愛派司;6931|青松健康;9917|中保科;5284|jpp-KY;1788|杏昌;3118|進階;3218|大學光;4116|明基醫;4138|曜亞,2026-08-16 01:24:03 CST,2026-08-16 01:24:03 CST
2308,台達電,A200,LED照明產業,下游,燈具/應用,2371|大同;2491|吉祥全;3383|新世紀;6278|台表科;3615|安可;7648|百陽生技;6971.T|京瓷;|Mono Crystal;|Rubicon;2360|致茂;2426|鼎元;2459|敦吉;3583|辛耘;4755|三福化;5434|崇越;6224|聚鼎;6271|同欣電;6277|宏正;6706|惠特;7795|長廣,,2026-08-16 01:24:03 CST,2026-08-16 01:24:03 CST
2308,台達電,D000,半導體,下游/上游,IC模組;生產製程及檢測設備;IC通路;IC設計,2401|凌陽;3035|智原;3443|創意;5222|全訊;6533|晶心科;6695|芯鼎;3661|世芯-KY;3339|泰谷;3529|力旺;4953|緯致;6423|億而得;6643|M31;8054|安國;8227|巨有科技;8299|群聯;6786|芯測;6842|瑞宇;7707|益芯科;7796|擷發科;7898|乾瞻,2338|光罩;2438|翔耀;|大日本印刷;|豐創;|凸版印刷;2303|聯電;2330|台積電;2337|旺宏;2340|台亞;2344|華邦電;2371|大同;2408|南亞科;2434|統懋;2455|全新;3016|嘉晶;3532|台勝科;4919|新唐;5222|全訊;6770|力積電;8028|昇陽半導體,2026-08-16 01:24:03 CST,2026-08-16 01:24:03 CST
2308,台達電,3000,汽車,上游,其他,,2201|裕隆;2204|中華;2206|三陽工業;2227|裕日車;2231|為升;2241|艾姆勒;7629|峰安車業;|ATUOZONE;|NAPA;|普利擎;|Renault-Nissan-Mitsubishi;|豐田汽車;2207|和泰車;2247|汎德永業;2301|光寶科;3609|三一東林;|福斯集團,2026-08-16 01:24:03 CST,2026-08-16 01:24:03 CST
2308,台達電,A100,太陽能產業,下游,太陽能發電設備/系統及系統工程;太陽能電廠,1711|永光;1717|長興;5234|達興材料;5434|崇越;3665|貿聯-KY;1785|光洋科;3430|奇鈦科;3663|鑫科;3691|碩禾;4760|勤凱科技;4765|磐采;6682|華旭先進;7896|喬越;|保利協鑫能源;|REC;|SK Materials;|瓦克化學;2371|大同;2409|友達;2434|統懋,,2026-08-16 01:24:03 CST,2026-08-16 01:24:03 CST
2308,台達電,F000,電腦及週邊設備,下游/上游,桌上型電腦;電源供應器;精簡型電腦;筆記型電腦;散熱片、風扇馬達、散熱模組,2388|威盛;3709|鑫聯大投控;8096|擎亞;|超微半導體;|英特爾;6189|豐藝;6233|旺玖;|輝達;2459|敦吉;3038|全台;5315|光聯;6167|久正;|京東方;|LG顯示;|三星電子;|三星顯示;2376|技嘉;3024|憶聲;3516|亞帝歐;5386|青雲,2317|鴻海;2324|仁寶;2331|精英;2353|宏碁;2356|英業達;2357|華碩;2362|藍天;2364|倫飛;2371|大同;2376|技嘉;2377|微星;2382|廣達;2430|燦坤;2483|百容;3005|神基;3231|緯創;4938|和碩;3213|茂訊;3709|鑫聯大投控;6140|訊達電腦,2026-08-16 01:24:03 CST,2026-08-16 01:24:03 CST
2308,台達電,G000,平面顯示器,上游,其他零組件,,2371|大同;2409|友達;2459|敦吉;3038|全台;3481|群創;6116|彩晶;6189|豐藝;6278|台表科;6916|華凌;8104|錸寶;8105|凌巨;5245|智晶;5315|光聯;8069|元太;6979|勝釩;|京東方;|LG顯示;|三星顯示;|三星顯示器;2393|億光,2026-08-16 01:24:03 CST,2026-08-16 01:24:03 CST
2308,台達電,A300,電動車輛產業,下游/中游/上游,零組件;鋰電池材料;電動汽車、電動機車、電動自行車,1605|華新;1611|中電;1723|中碳;2352|佳世達;2371|大同;3010|華立;4739|康普;5234|達興材料;6278|台表科;8215|明基材;4721|美琪瑪;8038|長園科;8358|金居;5227|立凱-KY;3616|泓辰;6555|榮炭;7618|益瑞;|貝特瑞;|L&F;|日亞化,2207|和泰車;2237|華德動能-創;3015|全漢;4952|凌通;6202|盛群;6278|台表科;8261|富鼎;9914|美利達;1599|宏佳騰;5457|宣德;8933|愛地雅;8937|合騏*;5227|立凱-KY;5543|桓鼎-KY;3616|泓辰;7697|微笑元素創意;|Accell Group;|北京汽車;|比亞迪汽車;|本田技研工業有限公司,2026-08-16 01:24:03 CST,2026-08-16 01:24:03 CST
2317,鴻海,I000,通信網路,下游,網路設備(如數據機、網路卡、閘道器、路由器、網路電話);無線通訊設備(如行動電話、衛星定位系統、衛星/微波通訊設備、數位機上盒),2459|敦吉;3169|亞信;6470|宇智;8096|擎亞;7661|皓德盛科技;|英特爾;|三星電子;QCOM|高通;2344|華邦電;2408|南亞科;3260|威剛;4973|廣穎電通;8084|巨虹;8088|品安;7866|丹立;7655|依得科;MU|美光;000660.KS|SK海力士;2466|冠西電;2476|鉅祥,,2026-08-16 01:24:03 CST,2026-08-16 01:24:03 CST
2317,鴻海,K000,連接器,下游,連接器設計、組裝及製造,1617|榮星;2476|鉅祥;3310|佳穎;|Codelco;|費利浦·麥克莫蘭銅金公司;|世泰科;|攀時;|俄羅斯鋁業聯合公司;8431|匯鑽科;|巴里克黃金公司;|紐蒙特礦業;|PT Timah;3010|華立;4755|三福化;3665|貿聯-KY;6151|晉倫;8240|華宏;7896|喬越;8058|耐特;|巴斯夫,,2026-08-16 01:24:03 CST,2026-08-16 01:24:03 CST
2317,鴻海,F000,電腦及週邊設備,下游/上游,桌上型電腦;其他電腦及週邊設備;伺服器;光學鏡片、鏡頭;機殼,2388|威盛;3709|鑫聯大投控;8096|擎亞;|超微半導體;|英特爾;6189|豐藝;6233|旺玖;|輝達;2459|敦吉;3038|全台;5315|光聯;6167|久正;|京東方;|LG顯示;|三星電子;|三星顯示;2376|技嘉;3024|憶聲;3516|亞帝歐;5386|青雲,2308|台達電;2324|仁寶;2331|精英;2353|宏碁;2356|英業達;2357|華碩;2362|藍天;2364|倫飛;2371|大同;2376|技嘉;2377|微星;2382|廣達;2430|燦坤;2483|百容;3005|神基;3231|緯創;4938|和碩;3213|茂訊;3709|鑫聯大投控;6140|訊達電腦,2026-08-16 01:24:03 CST,2026-08-16 01:24:03 CST
2317,鴻海,A300,電動車輛產業,中游,零組件,1605|華新;1611|中電;1723|中碳;2308|台達電;2352|佳世達;2371|大同;3010|華立;4739|康普;5234|達興材料;6278|台表科;8215|明基材;4721|美琪瑪;8038|長園科;8358|金居;5227|立凱-KY;3616|泓辰;6555|榮炭;7618|益瑞;|貝特瑞;|L&F,2207|和泰車;2237|華德動能-創;2308|台達電;3015|全漢;4952|凌通;6202|盛群;6278|台表科;8261|富鼎;9914|美利達;1599|宏佳騰;5457|宣德;8933|愛地雅;8937|合騏*;5227|立凱-KY;5543|桓鼎-KY;3616|泓辰;7697|微笑元素創意;|Accell Group;|北京汽車;|比亞迪汽車,2026-08-16 01:24:03 CST,2026-08-16 01:24:03 CST
2324,仁寶,I000,通信網路,下游,網路設備(如數據機、網路卡、閘道器、路由器、網路電話);無線通訊設備(如行動電話、衛星定位系統、衛星/微波通訊設備、數位機上盒),2459|敦吉;3169|亞信;6470|宇智;8096|擎亞;7661|皓德盛科技;|英特爾;|三星電子;QCOM|高通;2344|華邦電;2408|南亞科;3260|威剛;4973|廣穎電通;8084|巨虹;8088|品安;7866|丹立;7655|依得科;MU|美光;000660.KS|SK海力士;2466|冠西電;2476|鉅祥,,2026-08-16 01:24:03 CST,2026-08-16 01:24:03 CST
2324,仁寶,5800,運動科技,下游/中游,穿戴式裝置;健身平台/APP,2459|敦吉;7558|群利科技;|京東方;|LG顯示;|三星電子;|三星顯示;1593|祺驊;4558|寶緯;5348|正能量智能;2340|台亞;3227|原相;5493|三聯;6204|艾華;6679|鈺太;7725|列特博;7825|和亞智慧;6758.T|索尼;STM|意法半導體;2395|研華;7781|昕力資*,|迪卡儂;|FootLocker;|Intersport;6798|展逸;7725|列特博;|anytime fitness;|Basic-fit;|planet fitness;7558|群利科技;7781|昕力資*;|Classpass;|北京卡路里科技;|peloton;5348|正能量智能;7779|鍇睿國際;|Creative Artists Agency;|Excelsports Management;|Wasserman;7670|淞康;|MLB,2026-08-16 01:24:03 CST,2026-08-16 01:24:03 CST
2324,仁寶,F000,電腦及週邊設備,下游,其他電腦及週邊設備;伺服器;筆記型電腦;工業電腦,2388|威盛;3709|鑫聯大投控;8096|擎亞;|超微半導體;|英特爾;6189|豐藝;6233|旺玖;|輝達;2459|敦吉;3038|全台;5315|光聯;6167|久正;|京東方;|LG顯示;|三星電子;|三星顯示;2376|技嘉;3024|憶聲;3516|亞帝歐;5386|青雲,,2026-08-16 01:24:03 CST,2026-08-16 01:24:03 CST
2324,仁寶,G000,平面顯示器,下游,電視,1711|永光;1717|長興;1773|勝一;3010|華立;4720|德淵;4722|國精化;4755|三福化;5234|達興材料;1785|光洋科;3663|鑫科;4749|新應材;4768|晶呈科技;4772|台特化;6959|兆捷科技;|東進;|ENEOS控股株式會社;|富士軟片;|JSR株式會社;MRK|默克集團;|三井金屬,,2026-08-16 01:24:03 CST,2026-08-16 01:24:03 CST
2330,台積電,D000,半導體,中游,IC/晶圓製造,2401|凌陽;3035|智原;3443|創意;5222|全訊;6533|晶心科;6695|芯鼎;3661|世芯-KY;3339|泰谷;3529|力旺;4953|緯致;6423|億而得;6643|M31;8054|安國;8227|巨有科技;8299|群聯;6786|芯測;6842|瑞宇;7707|益芯科;7796|擷發科;7898|乾瞻,2308|台達電;2360|致茂;2467|志聖;3030|德律;3055|蔚華科;3583|辛耘;4770|上品;6277|宏正;6438|迅得;6515|穎崴;6937|天虹;7631|聚賢研發-創;7730|暉盛-創;7768|頌勝科技;7822|倍利科;8070|長華*;1595|川寶;3093|港建*;3131|弘塑;3219|倚強科,2026-08-16 01:24:03 CST,2026-08-16 01:24:03 CST
2347,聯強,D000,半導體,下游,IC通路,2401|凌陽;3035|智原;3443|創意;5222|全訊;6533|晶心科;6695|芯鼎;3661|世芯-KY;3339|泰谷;3529|力旺;4953|緯致;6423|億而得;6643|M31;8054|安國;8227|巨有科技;8299|群聯;6786|芯測;6842|瑞宇;7707|益芯科;7796|擷發科;7898|乾瞻,,2026-08-16 01:24:03 CST,2026-08-16 01:24:03 CST
2354,鴻準,X000,其他,上游,其他電子產品及電子服務產業,,,2026-08-16 01:24:03 CST,2026-08-16 01:24:03 CST
2354,鴻準,F000,電腦及週邊設備,上游,金屬、塑膠模具;散熱片、風扇馬達、散熱模組;機殼,,2308|台達電;2317|鴻海;2324|仁寶;2331|精英;2353|宏碁;2356|英業達;2357|華碩;2362|藍天;2364|倫飛;2371|大同;2376|技嘉;2377|微星;2382|廣達;2430|燦坤;2483|百容;3005|神基;3231|緯創;4938|和碩;3213|茂訊;3709|鑫聯大投控,2026-08-16 01:24:03 CST,2026-08-16 01:24:03 CST
2356,英業達,F000,電腦及週邊設備,下游,筆記型電腦,2388|威盛;3709|鑫聯大投控;8096|擎亞;|超微半導體;|英特爾;6189|豐藝;6233|旺玖;|輝達;2459|敦吉;3038|全台;5315|光聯;6167|久正;|京東方;|LG顯示;|三星電子;|三星顯示;2376|技嘉;3024|憶聲;3516|亞帝歐;5386|青雲,,2026-08-16 01:24:03 CST,2026-08-16 01:24:03 CST
2357,華碩,5300,人工智慧,上游,智慧設備;移動控制,,,2026-08-16 01:24:03 CST,2026-08-16 01:24:03 CST
2357,華碩,I000,通信網路,下游,網路設備(如數據機、網路卡、閘道器、路由器、網路電話);無線通訊設備(如行動電話、衛星定位系統、衛星/微波通訊設備、數位機上盒),2459|敦吉;3169|亞信;6470|宇智;8096|擎亞;7661|皓德盛科技;|英特爾;|三星電子;QCOM|高通;2344|華邦電;2408|南亞科;3260|威剛;4973|廣穎電通;8084|巨虹;8088|品安;7866|丹立;7655|依得科;MU|美光;000660.KS|SK海力士;2466|冠西電;2476|鉅祥,,2026-08-16 01:24:03 CST,2026-08-16 01:24:03 CST
2357,華碩,5800,運動科技,中游,穿戴式裝置,2459|敦吉;7558|群利科技;|京東方;|LG顯示;|三星電子;|三星顯示;1593|祺驊;4558|寶緯;5348|正能量智能;2340|台亞;3227|原相;5493|三聯;6204|艾華;6679|鈺太;7725|列特博;7825|和亞智慧;6758.T|索尼;STM|意法半導體;2395|研華;7781|昕力資*,|迪卡儂;|FootLocker;|Intersport;6798|展逸;7725|列特博;|anytime fitness;|Basic-fit;|planet fitness;2324|仁寶;7558|群利科技;7781|昕力資*;|Classpass;|北京卡路里科技;|peloton;5348|正能量智能;7779|鍇睿國際;|Creative Artists Agency;|Excelsports Management;|Wasserman;7670|淞康,2026-08-16 01:24:03 CST,2026-08-16 01:24:03 CST
2357,華碩,F000,電腦及週邊設備,下游/上游,桌上型電腦;硬碟機;顯示卡;隨身碟、記憶卡讀卡機;其他電腦及週邊設備,2388|威盛;3709|鑫聯大投控;8096|擎亞;|超微半導體;|英特爾;6189|豐藝;6233|旺玖;|輝達;2459|敦吉;3038|全台;5315|光聯;6167|久正;|京東方;|LG顯示;|三星電子;|三星顯示;2376|技嘉;3024|憶聲;3516|亞帝歐;5386|青雲,2308|台達電;2317|鴻海;2324|仁寶;2331|精英;2353|宏碁;2356|英業達;2362|藍天;2364|倫飛;2371|大同;2376|技嘉;2377|微星;2382|廣達;2430|燦坤;2483|百容;3005|神基;3231|緯創;4938|和碩;3213|茂訊;3709|鑫聯大投控;6140|訊達電腦,2026-08-16 01:24:03 CST,2026-08-16 01:24:03 CST
2376,技嘉,F000,電腦及週邊設備,下游/上游,桌上型電腦;顯示器模組;顯示卡;工業電腦;電源供應器,2388|威盛;3709|鑫聯大投控;8096|擎亞;|超微半導體;|英特爾;6189|豐藝;6233|旺玖;|輝達;2459|敦吉;3038|全台;5315|光聯;6167|久正;|京東方;|LG顯示;|三星電子;|三星顯示;3024|憶聲;3516|亞帝歐;5386|青雲;2344|華邦電,2308|台達電;2317|鴻海;2324|仁寶;2331|精英;2353|宏碁;2356|英業達;2357|華碩;2362|藍天;2364|倫飛;2371|大同;2377|微星;2382|廣達;2430|燦坤;2483|百容;3005|神基;3231|緯創;4938|和碩;3213|茂訊;3709|鑫聯大投控;6140|訊達電腦,2026-08-16 01:24:03 CST,2026-08-16 01:24:03 CST
2376,技嘉,A300,電動車輛產業,中游,零組件,1605|華新;1611|中電;1723|中碳;2308|台達電;2352|佳世達;2371|大同;3010|華立;4739|康普;5234|達興材料;6278|台表科;8215|明基材;4721|美琪瑪;8038|長園科;8358|金居;5227|立凱-KY;3616|泓辰;6555|榮炭;7618|益瑞;|貝特瑞;|L&F,2207|和泰車;2237|華德動能-創;2308|台達電;3015|全漢;4952|凌通;6202|盛群;6278|台表科;8261|富鼎;9914|美利達;1599|宏佳騰;5457|宣德;8933|愛地雅;8937|合騏*;5227|立凱-KY;5543|桓鼎-KY;3616|泓辰;7697|微笑元素創意;|Accell Group;|北京汽車;|比亞迪汽車,2026-08-16 01:24:03 CST,2026-08-16 01:24:03 CST
2377,微星,F000,電腦及週邊設備,下游/上游,桌上型電腦;顯示卡;工業電腦;其他電腦及週邊設備;伺服器,2388|威盛;3709|鑫聯大投控;8096|擎亞;|超微半導體;|英特爾;6189|豐藝;6233|旺玖;|輝達;2459|敦吉;3038|全台;5315|光聯;6167|久正;|京東方;|LG顯示;|三星電子;|三星顯示;2376|技嘉;3024|憶聲;3516|亞帝歐;5386|青雲,2308|台達電;2317|鴻海;2324|仁寶;2331|精英;2353|宏碁;2356|英業達;2357|華碩;2362|藍天;2364|倫飛;2371|大同;2376|技嘉;2382|廣達;2430|燦坤;2483|百容;3005|神基;3231|緯創;4938|和碩;3213|茂訊;3709|鑫聯大投控;6140|訊達電腦,2026-08-16 01:24:03 CST,2026-08-16 01:24:03 CST
2379,瑞昱,D000,半導體,上游,IC設計,,2338|光罩;2438|翔耀;|大日本印刷;|豐創;|凸版印刷;2303|聯電;2330|台積電;2337|旺宏;2340|台亞;2344|華邦電;2371|大同;2408|南亞科;2434|統懋;2455|全新;3016|嘉晶;3532|台勝科;4919|新唐;5222|全訊;6770|力積電;8028|昇陽半導體,2026-08-16 01:24:03 CST,2026-08-16 01:24:03 CST
2382,廣達,5400,雲端運算,上游,電腦設備,,2308|台達電;2390|云辰;2480|敦陽科;3029|零壹;3057|喬鼎;6112|邁達特;6614|資拓宏宇;8374|羅昇;6140|訊達電腦;6218|豪勉;6221|晉泰;6263|普萊德;6739|竹陞科技;6752|叡揚;6811|宏碁資訊;6865|偉康科技;7714|創泓科技;7747|昕奇雲端;8099|大世科;6741|91APP*-KY,2026-08-16 01:24:03 CST,2026-08-16 01:24:03 CST
2382,廣達,5800,運動科技,中游,穿戴式裝置,2459|敦吉;7558|群利科技;|京東方;|LG顯示;|三星電子;|三星顯示;1593|祺驊;4558|寶緯;5348|正能量智能;2340|台亞;3227|原相;5493|三聯;6204|艾華;6679|鈺太;7725|列特博;7825|和亞智慧;6758.T|索尼;STM|意法半導體;2395|研華;7781|昕力資*,|迪卡儂;|FootLocker;|Intersport;6798|展逸;7725|列特博;|anytime fitness;|Basic-fit;|planet fitness;2324|仁寶;7558|群利科技;7781|昕力資*;|Classpass;|北京卡路里科技;|peloton;5348|正能量智能;7779|鍇睿國際;|Creative Artists Agency;|Excelsports Management;|Wasserman;7670|淞康,2026-08-16 01:24:03 CST,2026-08-16 01:24:03 CST
2382,廣達,F000,電腦及週邊設備,下游/上游,其他電腦及週邊設備之零組件;筆記型電腦,2388|威盛;3709|鑫聯大投控;8096|擎亞;|超微半導體;|英特爾;6189|豐藝;6233|旺玖;|輝達;2459|敦吉;3038|全台;5315|光聯;6167|久正;|京東方;|LG顯示;|三星電子;|三星顯示;2376|技嘉;3024|憶聲;3516|亞帝歐;5386|青雲,2308|台達電;2317|鴻海;2324|仁寶;2331|精英;2353|宏碁;2356|英業達;2357|華碩;2362|藍天;2364|倫飛;2371|大同;2376|技嘉;2377|微星;2430|燦坤;2483|百容;3005|神基;3231|緯創;4938|和碩;3213|茂訊;3709|鑫聯大投控;6140|訊達電腦,2026-08-16 01:24:03 CST,2026-08-16 01:24:03 CST
2395,研華,5400,雲端運算,下游,雲端應用服務,2308|台達電;2352|佳世達;2382|廣達;2390|云辰;2480|敦陽科;2495|普安;3029|零壹;3057|喬鼎;3706|神達;6112|邁達特;6614|資拓宏宇;6669|緯穎;8210|勤誠;6221|晉泰;6263|普萊德;6680|鑫創電子;6752|叡揚;7805|威聯通;8277|商丞;5223|安力-KY,,2026-08-16 01:24:03 CST,2026-08-16 01:24:03 CST
2395,研華,5800,運動科技,上游,軟體開發,,1598|岱宇;1736|喬山;7558|群利科技;|lifefitness;|peloton;|technogym;2106|建大;4401|東隆興;5348|正能量智能;7811|民盛;8071|能率網通;8924|大田;7670|淞康;7697|微笑元素創意;ADDYY|Adidas;NKE|Nike;PUMSY|Puma;2324|仁寶;2357|華碩;2382|廣達,2026-08-16 01:24:03 CST,2026-08-16 01:24:03 CST
2395,研華,AD10,智慧電網,上游,系統整合服務,,,2026-08-16 01:24:03 CST,2026-08-16 01:24:03 CST
2395,研華,F000,電腦及週邊設備,下游,工業電腦,2388|威盛;3709|鑫聯大投控;8096|擎亞;|超微半導體;|英特爾;6189|豐藝;6233|旺玖;|輝達;2459|敦吉;3038|全台;5315|光聯;6167|久正;|京東方;|LG顯示;|三星電子;|三星顯示;2376|技嘉;3024|憶聲;3516|亞帝歐;5386|青雲,,2026-08-16 01:24:03 CST,2026-08-16 01:24:03 CST
2405,輔信,F000,電腦及週邊設備,下游,桌上型電腦;其他電腦及週邊設備;工業電腦,2388|威盛;3709|鑫聯大投控;8096|擎亞;|超微半導體;|英特爾;6189|豐藝;6233|旺玖;|輝達;2459|敦吉;3038|全台;5315|光聯;6167|久正;|京東方;|LG顯示;|三星電子;|三星顯示;2376|技嘉;3024|憶聲;3516|亞帝歐;5386|青雲,,2026-08-16 01:24:03 CST,2026-08-16 01:24:03 CST
2412,中華電,I000,通信網路,下游,電信服務業,2459|敦吉;3169|亞信;6470|宇智;8096|擎亞;7661|皓德盛科技;|英特爾;|三星電子;QCOM|高通;2344|華邦電;2408|南亞科;3260|威剛;4973|廣穎電通;8084|巨虹;8088|品安;7866|丹立;7655|依得科;MU|美光;000660.KS|SK海力士;2466|冠西電;2476|鉅祥,,2026-08-16 01:24:03 CST,2026-08-16 01:24:03 CST
2412,中華電,AD10,智慧電網,上游,能源管理服務;系統整合服務,,,2026-08-16 01:24:03 CST,2026-08-16 01:24:03 CST
2451,創見,D000,半導體,下游,IC模組,2401|凌陽;3035|智原;3443|創意;5222|全訊;6533|晶心科;6695|芯鼎;3661|世芯-KY;3339|泰谷;3529|力旺;4953|緯致;6423|億而得;6643|M31;8054|安國;8227|巨有科技;8299|群聯;6786|芯測;6842|瑞宇;7707|益芯科;7796|擷發科;7898|乾瞻,,2026-08-16 01:24:03 CST,2026-08-16 01:24:03 CST
2451,創見,F000,電腦及週邊設備,上游,記憶體;隨身碟、記憶卡讀卡機,,2308|台達電;2317|鴻海;2324|仁寶;2331|精英;2353|宏碁;2356|英業達;2357|華碩;2362|藍天;2364|倫飛;2371|大同;2376|技嘉;2377|微星;2382|廣達;2430|燦坤;2483|百容;3005|神基;3231|緯創;4938|和碩;3213|茂訊;3709|鑫聯大投控,2026-08-16 01:24:03 CST,2026-08-16 01:24:03 CST
2454,聯發科,D000,半導體,上游,IC設計,,2338|光罩;2438|翔耀;|大日本印刷;|豐創;|凸版印刷;2303|聯電;2330|台積電;2337|旺宏;2340|台亞;2344|華邦電;2371|大同;2408|南亞科;2434|統懋;2455|全新;3016|嘉晶;3532|台勝科;4919|新唐;5222|全訊;6770|力積電;8028|昇陽半導體,2026-08-16 01:24:03 CST,2026-08-16 01:24:03 CST
2458,義隆,D000,半導體,上游,IC設計,,2338|光罩;2438|翔耀;|大日本印刷;|豐創;|凸版印刷;2303|聯電;2330|台積電;2337|旺宏;2340|台亞;2344|華邦電;2371|大同;2408|南亞科;2434|統懋;2455|全新;3016|嘉晶;3532|台勝科;4919|新唐;5222|全訊;6770|力積電;8028|昇陽半導體,2026-08-16 01:24:03 CST,2026-08-16 01:24:03 CST
2458,義隆,F000,電腦及週邊設備,上游,其他電腦及週邊設備之零組件,,2308|台達電;2317|鴻海;2324|仁寶;2331|精英;2353|宏碁;2356|英業達;2357|華碩;2362|藍天;2364|倫飛;2371|大同;2376|技嘉;2377|微星;2382|廣達;2430|燦坤;2483|百容;3005|神基;3231|緯創;4938|和碩;3213|茂訊;3709|鑫聯大投控,2026-08-16 01:24:03 CST,2026-08-16 01:24:03 CST
2458,義隆,H000,觸控面板,上游,控制IC,,2429|銘旺科;2459|敦吉;3038|全台;3049|精金;3416|融程電;3481|群創;3622|洋華;8105|凌巨;3673|TPK-KY;3556|禾瑞亞;3623|富晶通;4729|熒茂;4995|晶達;5220|萬達光電;6899|創為精密;|日本顯示公司;|NCR Voyix;|三星顯示;|歐菲光;AAPL|蘋果,2026-08-16 01:24:03 CST,2026-08-16 01:24:03 CST
2474,可成,F000,電腦及週邊設備,上游,機殼,,2308|台達電;2317|鴻海;2324|仁寶;2331|精英;2353|宏碁;2356|英業達;2357|華碩;2362|藍天;2364|倫飛;2371|大同;2376|技嘉;2377|微星;2382|廣達;2430|燦坤;2483|百容;3005|神基;3231|緯創;4938|和碩;3213|茂訊;3709|鑫聯大投控,2026-08-16 01:24:03 CST,2026-08-16 01:24:03 CST
2480,敦陽科,5300,人工智慧,上游,系統整合;雲端平台;顧問諮詢;運算設備;資料處理,,,2026-08-16 01:24:03 CST,2026-08-16 01:24:03 CST
2480,敦陽科,5400,雲端運算,下游/中游/上游,營運管理軟體;設備管理軟體;系統整合;電腦設備;設備安裝服務,2308|台達電;2352|佳世達;2382|廣達;2390|云辰;2495|普安;3029|零壹;3057|喬鼎;3706|神達;6112|邁達特;6614|資拓宏宇;6669|緯穎;8210|勤誠;6221|晉泰;6263|普萊德;6680|鑫創電子;6752|叡揚;7805|威聯通;8277|商丞;5223|安力-KY;6938|藍新資訊,2301|光寶科;2390|云辰;2395|研華;2495|普安;3029|零壹;3057|喬鼎;4904|遠傳;6112|邁達特;6614|資拓宏宇;6689|伊雲谷;6123|上奇;6221|晉泰;6263|普萊德;6561|是方;6697|東捷資訊;6752|叡揚;6811|宏碁資訊;6865|偉康科技;6870|騰雲;6997|博弘,2026-08-16 01:24:03 CST,2026-08-16 01:24:03 CST
2480,敦陽科,5600,大數據,上游,資料庫;分析工具;儲存處理;系統整合;應用軟體,,,2026-08-16 01:24:03 CST,2026-08-16 01:24:03 CST
2480,敦陽科,5200,金融科技,上游,資料聚合;數據分析;數位身分,,,2026-08-16 01:24:03 CST,2026-08-16 01:24:03 CST
2480,敦陽科,R000,軟體服務,上游,應用/系統軟體設計開發;系統整合服務,,,2026-08-16 01:24:03 CST,2026-08-16 01:24:03 CST
2480,敦陽科,5500,資通訊安全,上游,資安防護能力分析與鑑識服務;資料安全;網路安全防護;安全營運與事件回應;資安顧問服務,,,2026-08-16 01:24:03 CST,2026-08-16 01:24:03 CST
2480,敦陽科,5100,區塊鏈,上游,交易平台;商業應用,,,2026-08-16 01:24:03 CST,2026-08-16 01:24:03 CST
3022,威強電,F000,電腦及週邊設備,下游/上游,其他電腦及週邊設備;其他電腦及週邊設備之零組件;主機板;工業電腦,2388|威盛;3709|鑫聯大投控;8096|擎亞;|超微半導體;|英特爾;6189|豐藝;6233|旺玖;|輝達;2459|敦吉;3038|全台;5315|光聯;6167|久正;|京東方;|LG顯示;|三星電子;|三星顯示;2376|技嘉;3024|憶聲;3516|亞帝歐;5386|青雲,2308|台達電;2317|鴻海;2324|仁寶;2331|精英;2353|宏碁;2356|英業達;2357|華碩;2362|藍天;2364|倫飛;2371|大同;2376|技嘉;2377|微星;2382|廣達;2430|燦坤;2483|百容;3005|神基;3231|緯創;4938|和碩;3213|茂訊;3709|鑫聯大投控,2026-08-16 01:24:03 CST,2026-08-16 01:24:03 CST
3026,禾伸堂,J000,被動元件,中游,電容器;濾波器、振盪器,5434|崇越;3663|鑫科;4760|勤凱科技;6127|九豪;6204|艾華;7896|喬越;|陶氏;|Ferro;|賀利氏;6971.T|京瓷;|Maruwa;|Nippon Carbide;2492|華新科;6173|信昌電;6175|立敦;|東陽光科;|日立化成;|日本蓄電器株式会社;|日本ケミコン株式会社;|Resonac,,2026-08-16 01:24:03 CST,2026-08-16 01:24:03 CST
3026,禾伸堂,E000,能源元件,下游,電池模組,1723|中碳;2352|佳世達;3010|華立;4739|康普;5234|達興材料;6278|台表科;8215|明基材;8261|富鼎;1589|永冠-KY;3665|貿聯-KY;3388|崇越電;6509|聚和;8038|長園科;5227|立凱-KY;3616|泓辰;6555|榮炭;6990|華鉬;7816|來穎;7896|喬越;|L&F,,2026-08-16 01:24:03 CST,2026-08-16 01:24:03 CST
3026,禾伸堂,I000,通信網路,上游,主/被動元件,,2301|光寶科;2308|台達電;2317|鴻海;2324|仁寶;2332|友訊;2345|智邦;2352|佳世達;2357|華碩;2371|大同;2397|友通;2419|仲琦;2483|百容;2485|兆赫;3002|歐格;3025|星通;3027|盛達;3047|訊舟;3062|建漢;3380|明泰;3419|譁裕,2026-08-16 01:24:03 CST,2026-08-16 01:24:03 CST
3026,禾伸堂,A200,LED照明產業,下游,封裝/模組;燈具/應用,2371|大同;2491|吉祥全;3383|新世紀;6278|台表科;3615|安可;7648|百陽生技;6971.T|京瓷;|Mono Crystal;|Rubicon;2360|致茂;2426|鼎元;2459|敦吉;3583|辛耘;4755|三福化;5434|崇越;6224|聚鼎;6271|同欣電;6277|宏正;6706|惠特;7795|長廣,,2026-08-16 01:24:03 CST,2026-08-16 01:24:03 CST
3026,禾伸堂,D000,半導體,下游,IC通路,2401|凌陽;3035|智原;3443|創意;5222|全訊;6533|晶心科;6695|芯鼎;3661|世芯-KY;3339|泰谷;3529|力旺;4953|緯致;6423|億而得;6643|M31;8054|安國;8227|巨有科技;8299|群聯;6786|芯測;6842|瑞宇;7707|益芯科;7796|擷發科;7898|乾瞻,,2026-08-16 01:24:03 CST,2026-08-16 01:24:03 CST
3026,禾伸堂,F000,電腦及週邊設備,上游,其他電腦及週邊設備之零組件;電池,,2308|台達電;2317|鴻海;2324|仁寶;2331|精英;2353|宏碁;2356|英業達;2357|華碩;2362|藍天;2364|倫飛;2371|大同;2376|技嘉;2377|微星;2382|廣達;2430|燦坤;2483|百容;3005|神基;3231|緯創;4938|和碩;3213|茂訊;3709|鑫聯大投控,2026-08-16 01:24:03 CST,2026-08-16 01:24:03 CST
3034,聯詠,D000,半導體,上游,IC設計,,2338|光罩;2438|翔耀;|大日本印刷;|豐創;|凸版印刷;2303|聯電;2330|台積電;2337|旺宏;2340|台亞;2344|華邦電;2371|大同;2408|南亞科;2434|統懋;2455|全新;3016|嘉晶;3532|台勝科;4919|新唐;5222|全訊;6770|力積電;8028|昇陽半導體,2026-08-16 01:24:03 CST,2026-08-16 01:24:03 CST
3045,台灣大,I000,通信網路,下游,電信服務業,2459|敦吉;3169|亞信;6470|宇智;8096|擎亞;7661|皓德盛科技;|英特爾;|三星電子;QCOM|高通;2344|華邦電;2408|南亞科;3260|威剛;4973|廣穎電通;8084|巨虹;8088|品安;7866|丹立;7655|依得科;MU|美光;000660.KS|SK海力士;2466|冠西電;2476|鉅祥,,2026-08-16 01:24:03 CST,2026-08-16 01:24:03 CST
3048,益登,D000,半導體,下游,IC通路,2401|凌陽;3035|智原;3443|創意;5222|全訊;6533|晶心科;6695|芯鼎;3661|世芯-KY;3339|泰谷;3529|力旺;4953|緯致;6423|億而得;6643|M31;8054|安國;8227|巨有科技;8299|群聯;6786|芯測;6842|瑞宇;7707|益芯科;7796|擷發科;7898|乾瞻,,2026-08-16 01:24:03 CST,2026-08-16 01:24:03 CST
3231,緯創,F000,電腦及週邊設備,下游,桌上型電腦;其他電腦及週邊設備;筆記型電腦,2388|威盛;3709|鑫聯大投控;8096|擎亞;|超微半導體;|英特爾;6189|豐藝;6233|旺玖;|輝達;2459|敦吉;3038|全台;5315|光聯;6167|久正;|京東方;|LG顯示;|三星電子;|三星顯示;2376|技嘉;3024|憶聲;3516|亞帝歐;5386|青雲,,2026-08-16 01:24:03 CST,2026-08-16 01:24:03 CST
3356,奇偶,F000,電腦及週邊設備,下游,安全監控系統,2388|威盛;3709|鑫聯大投控;8096|擎亞;|超微半導體;|英特爾;6189|豐藝;6233|旺玖;|輝達;2459|敦吉;3038|全台;5315|光聯;6167|久正;|京東方;|LG顯示;|三星電子;|三星顯示;2376|技嘉;3024|憶聲;3516|亞帝歐;5386|青雲,,2026-08-16 01:24:03 CST,2026-08-16 01:24:03 CST
4938,和碩,I000,通信網路,下游,網路設備(如數據機、網路卡、閘道器、路由器、網路電話);無線通訊設備(如行動電話、衛星定位系統、衛星/微波通訊設備、數位機上盒),2459|敦吉;3169|亞信;6470|宇智;8096|擎亞;7661|皓德盛科技;|英特爾;|三星電子;QCOM|高通;2344|華邦電;2408|南亞科;3260|威剛;4973|廣穎電通;8084|巨虹;8088|品安;7866|丹立;7655|依得科;MU|美光;000660.KS|SK海力士;2466|冠西電;2476|鉅祥,,2026-08-16 01:24:03 CST,2026-08-16 01:24:03 CST
4938,和碩,D000,半導體,下游,基板,2401|凌陽;3035|智原;3443|創意;5222|全訊;6533|晶心科;6695|芯鼎;3661|世芯-KY;3339|泰谷;3529|力旺;4953|緯致;6423|億而得;6643|M31;8054|安國;8227|巨有科技;8299|群聯;6786|芯測;6842|瑞宇;7707|益芯科;7796|擷發科;7898|乾瞻,,2026-08-16 01:24:03 CST,2026-08-16 01:24:03 CST
4938,和碩,F000,電腦及週邊設備,下游/上游,桌上型電腦;筆記型電腦;主機板;機殼,2388|威盛;3709|鑫聯大投控;8096|擎亞;|超微半導體;|英特爾;6189|豐藝;6233|旺玖;|輝達;2459|敦吉;3038|全台;5315|光聯;6167|久正;|京東方;|LG顯示;|三星電子;|三星顯示;2376|技嘉;3024|憶聲;3516|亞帝歐;5386|青雲,2308|台達電;2317|鴻海;2324|仁寶;2331|精英;2353|宏碁;2356|英業達;2357|華碩;2362|藍天;2364|倫飛;2371|大同;2376|技嘉;2377|微星;2382|廣達;2430|燦坤;2483|百容;3005|神基;3231|緯創;3213|茂訊;3709|鑫聯大投控;6140|訊達電腦,2026-08-16 01:24:03 CST,2026-08-16 01:24:03 CST
4938,和碩,G000,平面顯示器,上游,其他零組件,,2371|大同;2409|友達;2459|敦吉;3038|全台;3481|群創;6116|彩晶;6189|豐藝;6278|台表科;6916|華凌;8104|錸寶;8105|凌巨;5245|智晶;5315|光聯;8069|元太;6979|勝釩;|京東方;|LG顯示;|三星顯示;|三星顯示器;2393|億光,2026-08-16 01:24:03 CST,2026-08-16 01:24:03 CST
5203,訊連,5300,人工智慧,上游,領域解決方案,,,2026-08-16 01:24:03 CST,2026-08-16 01:24:03 CST
5203,訊連,R000,軟體服務,上游,應用/系統軟體設計開發,,,2026-08-16 01:24:03 CST,2026-08-16 01:24:03 CST
6214,精誠,R000,軟體服務,上游,通路經銷;資料處理服務;應用/系統軟體設計開發;系統整合服務,,,2026-08-16 01:24:03 CST,2026-08-16 01:24:03 CST
6285,啟碁,I000,通信網路,下游,網路設備(如數據機、網路卡、閘道器、路由器、網路電話);無線通訊設備(如行動電話、衛星定位系統、衛星/微波通訊設備、數位機上盒),2459|敦吉;3169|亞信;6470|宇智;8096|擎亞;7661|皓德盛科技;|英特爾;|三星電子;QCOM|高通;2344|華邦電;2408|南亞科;3260|威剛;4973|廣穎電通;8084|巨虹;8088|品安;7866|丹立;7655|依得科;MU|美光;000660.KS|SK海力士;2466|冠西電;2476|鉅祥,,2026-08-16 01:24:03 CST,2026-08-16 01:24:03 CST
6285,啟碁,4100,太空衛星科技,上游,零組件/材料,,|Arianespace;|Blue Origin;|Northrop Grumman Innovation Systems;|Rocket Lab;|SpaceX;|United Launch Alliance;|Virgin Orbit;|Nanoracks;|SEOPS;|Echostar;|Eutelsat;|Inmarsat;|Kongsberg Satellite Services (K-SAT);|Kongsberg Satellite Services（K-SAT）;|Oneweb;|俄羅斯航太;|Starlink;|Swedish Space Corporation (SSC);|Swedish Space Corporation（SSC）;2453|凌群,2026-08-16 01:24:03 CST,2026-08-16 01:24:03 CST
6462,神盾,R000,軟體服務,上游,應用/系統軟體設計開發,,,2026-08-16 01:24:03 CST,2026-08-16 01:24:03 CST
6462,神盾,D000,半導體,上游,IC設計,,2338|光罩;2438|翔耀;|大日本印刷;|豐創;|凸版印刷;2303|聯電;2330|台積電;2337|旺宏;2340|台亞;2344|華邦電;2371|大同;2408|南亞科;2434|統懋;2455|全新;3016|嘉晶;3532|台勝科;4919|新唐;5222|全訊;6770|力積電;8028|昇陽半導體,2026-08-16 01:24:03 CST,2026-08-16 01:24:03 CST
6462,神盾,5500,資通訊安全,上游,端點安全防護;身分認證與訪問管理,,,2026-08-16 01:24:03 CST,2026-08-16 01:24:03 CST
9914,美利達,B000,休閒娛樂,上游,休閒車業,,,2026-08-16 01:24:03 CST,2026-08-16 01:24:03 CST
9914,美利達,A300,電動車輛產業,下游,電動汽車、電動機車、電動自行車,1605|華新;1611|中電;1723|中碳;2308|台達電;2352|佳世達;2371|大同;3010|華立;4739|康普;5234|達興材料;6278|台表科;8215|明基材;4721|美琪瑪;8038|長園科;8358|金居;5227|立凱-KY;3616|泓辰;6555|榮炭;7618|益瑞;|貝特瑞;|L&F,,2026-08-16 01:24:03 CST,2026-08-16 01:24:03 CST
9921,巨大,B000,休閒娛樂,上游,休閒車業,,,2026-08-16 01:24:03 CST,2026-08-16 01:24:03 CST
8272,全景軟體,5500,資通訊安全,上游,資料安全;網路安全防護;行動安全;身分認證與訪問管理;雲端安全,,,2026-08-16 01:24:03 CST,2026-08-16 01:24:03 CST
8299,群聯,D000,半導體,下游/上游,IP設計/IC設計代工服務;IC模組;IC通路;IC設計,2401|凌陽;3035|智原;3443|創意;5222|全訊;6533|晶心科;6695|芯鼎;3661|世芯-KY;3339|泰谷;3529|力旺;4953|緯致;6423|億而得;6643|M31;8054|安國;8227|巨有科技;6786|芯測;6842|瑞宇;7707|益芯科;7796|擷發科;7898|乾瞻;ARM|安謀,2338|光罩;2438|翔耀;|大日本印刷;|豐創;|凸版印刷;2303|聯電;2330|台積電;2337|旺宏;2340|台亞;2344|華邦電;2371|大同;2408|南亞科;2434|統懋;2455|全新;3016|嘉晶;3532|台勝科;4919|新唐;5222|全訊;6770|力積電;8028|昇陽半導體,2026-08-16 01:24:03 CST,2026-08-16 01:24:03 CST
8299,群聯,F000,電腦及週邊設備,上游,其他電腦及週邊設備之零組件;記憶體;隨身碟、記憶卡讀卡機,,2308|台達電;2317|鴻海;2324|仁寶;2331|精英;2353|宏碁;2356|英業達;2357|華碩;2362|藍天;2364|倫飛;2371|大同;2376|技嘉;2377|微星;2382|廣達;2430|燦坤;2483|百容;3005|神基;3231|緯創;4938|和碩;3213|茂訊;3709|鑫聯大投控,2026-08-16 01:24:03 CST,2026-08-16 01:24:03 CST
5434,崇越,J000,被動元件,中游/上游,電感器;電阻器材料(氧化鋁陶瓷基板、導電漿墨),3663|鑫科;4760|勤凱科技;6127|九豪;6204|艾華;7896|喬越;|陶氏;|Ferro;|賀利氏;6971.T|京瓷;|Maruwa;|Nippon Carbide;2492|華新科;6173|信昌電;6175|立敦;|東陽光科;|日立化成;|日本蓄電器株式会社;|日本ケミコン株式会社;|Resonac;|堺化学,2308|台達電;2327|國巨*;2371|大同;2428|興勤;2478|大毅;2492|華新科;6224|聚鼎;6834|天二科技;3624|光頡;3663|鑫科;6173|信昌電;6204|艾華;6207|雷科;6642|富致;8071|能率網通;8085|福華;|KOA株式會社;6976.T|太陽誘電;|VISHAY;2375|凱美,2026-08-16 01:24:03 CST,2026-08-16 01:24:03 CST
5434,崇越,V000,貿易百貨,中游,貿易商、代理商、經銷商,1614|三洋電;2371|大同;4930|燦星網;6201|亞弘電;6225|天瀚;2929|淘帝-KY;4807|日成-KY;8429|金麗-KY;2916|滿心;8916|光隆;8941|關中;2924|宏太-KY;6629|泰金-KY;2938|床的世界;2940|歐都納;7401|格外農品;7412|生態綠;7449|元皓;7451|頂豪;7542|宥盛,1419|新紡;1532|勤美;1614|三洋電;2371|大同;2430|燦坤;2601|益航;2614|東森;2901|欣欣;2903|遠百;2905|三商;2910|統領;2911|麗嬰房;2912|統一超;2913|農林;2915|潤泰全;2945|三商家購;3024|憶聲;6281|全國電;8443|阿瘦;9946|三發地產,2026-08-16 01:24:03 CST,2026-08-16 01:24:03 CST
5434,崇越,A200,LED照明產業,下游/中游,封裝/模組;生產製程、檢測設備及原物料,2371|大同;2491|吉祥全;3383|新世紀;6278|台表科;3615|安可;7648|百陽生技;6971.T|京瓷;|Mono Crystal;|Rubicon;2360|致茂;2426|鼎元;2459|敦吉;3583|辛耘;4755|三福化;6224|聚鼎;6271|同欣電;6277|宏正;6706|惠特;7795|長廣;8070|長華*,1809|中釉;2301|光寶科;2371|大同;2393|億光;2491|吉祥全;3026|禾伸堂;3031|佰鴻;3052|夆典;3346|麗清;3383|新世紀;3437|榮創;3591|艾笛森;3714|富采;5244|弘凱;6164|華興;6168|宏齊;6226|光鼎;6271|同欣電;6278|台表科;6288|聯嘉,2026-08-16 01:24:03 CST,2026-08-16 01:24:03 CST
5434,崇越,D000,半導體,中游,化學品;生產製程及檢測設備,2401|凌陽;3035|智原;3443|創意;5222|全訊;6533|晶心科;6695|芯鼎;3661|世芯-KY;3339|泰谷;3529|力旺;4953|緯致;6423|億而得;6643|M31;8054|安國;8227|巨有科技;8299|群聯;6786|芯測;6842|瑞宇;7707|益芯科;7796|擷發科;7898|乾瞻,2308|台達電;2360|致茂;2467|志聖;3030|德律;3055|蔚華科;3583|辛耘;4770|上品;6277|宏正;6438|迅得;6515|穎崴;6937|天虹;7631|聚賢研發-創;7730|暉盛-創;7768|頌勝科技;7822|倍利科;8070|長華*;1595|川寶;3093|港建*;3131|弘塑;3219|倚強科,2026-08-16 01:24:03 CST,2026-08-16 01:24:03 CST
5434,崇越,A100,太陽能產業,下游/中游/上游,太陽能發電設備/系統及系統工程;材料;太陽能電池模組,1711|永光;1717|長興;5234|達興材料;3665|貿聯-KY;1785|光洋科;3430|奇鈦科;3663|鑫科;3691|碩禾;4760|勤凱科技;4765|磐采;6682|華旭先進;7896|喬越;|保利協鑫能源;|REC;|SK Materials;|瓦克化學;2371|大同;2409|友達;2434|統懋;3010|華立,1513|中興電;1529|樂事綠能;1605|華新;1611|中電;2031|新光鋼;2308|台達電;2371|大同;2406|國碩;3010|華立;3023|信邦;3583|辛耘;3712|永崴投控;4582|聚恆-創;4949|有成精密;6409|旭隼;6806|森崴能源;6869|雲豹能源;6873|泓德能源;6994|富威電力;8070|長華*,2026-08-16 01:24:03 CST,2026-08-16 01:24:03 CST
6526,達發,D000,半導體,上游,IC設計,,2338|光罩;2438|翔耀;|大日本印刷;|豐創;|凸版印刷;2303|聯電;2330|台積電;2337|旺宏;2340|台亞;2344|華邦電;2371|大同;2408|南亞科;2434|統懋;2455|全新;3016|嘉晶;3532|台勝科;4919|新唐;5222|全訊;6770|力積電;8028|昇陽半導體,2026-08-16 01:24:03 CST,2026-08-16 01:24:03 CST
2301,光寶科,I000,通信網路,下游,網路設備(如數據機、網路卡、閘道器、路由器、網路電話);無線通訊設備(如行動電話、衛星定位系統、衛星/微波通訊設備、數位機上盒),2459|敦吉;3169|亞信;6470|宇智;8096|擎亞;7661|皓德盛科技;|英特爾;|三星電子;QCOM|高通;2344|華邦電;2408|南亞科;3260|威剛;4973|廣穎電通;8084|巨虹;8088|品安;7866|丹立;7655|依得科;MU|美光;000660.KS|SK海力士;2466|冠西電;2476|鉅祥,,2026-08-16 01:24:03 CST,2026-08-16 01:24:03 CST
2301,光寶科,5400,雲端運算,下游/上游,系統整合;設備安裝服務;電力設備;顧問諮詢;雲端應用服務,2308|台達電;2352|佳世達;2382|廣達;2390|云辰;2480|敦陽科;2495|普安;3029|零壹;3057|喬鼎;3706|神達;6112|邁達特;6614|資拓宏宇;6669|緯穎;8210|勤誠;6221|晉泰;6263|普萊德;6680|鑫創電子;6752|叡揚;7805|威聯通;8277|商丞;5223|安力-KY,2308|台達電;2390|云辰;2480|敦陽科;3029|零壹;3057|喬鼎;6112|邁達特;6614|資拓宏宇;8374|羅昇;6140|訊達電腦;6218|豪勉;6221|晉泰;6263|普萊德;6739|竹陞科技;6752|叡揚;6811|宏碁資訊;6865|偉康科技;7714|創泓科技;7747|昕奇雲端;8099|大世科;6741|91APP*-KY,2026-08-16 01:24:03 CST,2026-08-16 01:24:03 CST
2301,光寶科,X000,其他,上游,其他電子產品及電子服務產業,,,2026-08-16 01:24:03 CST,2026-08-16 01:24:03 CST
2301,光寶科,5700,體驗科技,上游,感測器/模組,,,2026-08-16 01:24:03 CST,2026-08-16 01:24:03 CST
2301,光寶科,AD10,智慧電網,上游,配電管理設施,,,2026-08-16 01:24:03 CST,2026-08-16 01:24:03 CST
2301,光寶科,C200,醫療器材,中游,醫療器材研發、設計、製造,2308|台達電;2459|敦吉;2476|鉅祥;3010|華立;3543|州巧;6838|台新藥;3665|貿聯-KY;1593|祺驊;3162|精確;3294|英濟;3303|岱稜;4183|福永生技;5356|協益;6151|晉倫;6275|元山;6577|勁豐;6913|鴻呈;7744|崴寶;8109|博大;3184|微邦,2308|台達電;2352|佳世達;2371|大同;3543|州巧;4104|佳醫;4164|承業醫;4169|泰宗;4195|基米-創;4720|德淵;6614|資拓宏宇;6645|金萬林-創;6838|台新藥;6918|愛派司;6931|青松健康;9917|中保科;5284|jpp-KY;1788|杏昌;3118|進階;3218|大學光;4116|明基醫,2026-08-16 01:24:03 CST,2026-08-16 01:24:03 CST
2301,光寶科,A200,LED照明產業,下游,封裝/模組;燈具/應用,2371|大同;2491|吉祥全;3383|新世紀;6278|台表科;3615|安可;7648|百陽生技;6971.T|京瓷;|Mono Crystal;|Rubicon;2360|致茂;2426|鼎元;2459|敦吉;3583|辛耘;4755|三福化;5434|崇越;6224|聚鼎;6271|同欣電;6277|宏正;6706|惠特;7795|長廣,,2026-08-16 01:24:03 CST,2026-08-16 01:24:03 CST
2301,光寶科,3000,汽車,下游/上游,其他;車燈;銷售、進出口業務,1521|大億;1522|堤維西;1538|正峰;2241|艾姆勒;2254|巨鎧精密-創;2340|台亞;2459|敦吉;3437|榮創;6605|帝寶;2248|華勝-KY;3226|龍鋒;3685|元創精密;5230|雷笛克光學;8240|華宏;6604|儒億;6867|坦德科技;7449|元皓;|Hella;|小糸製作所;|Valeo,2201|裕隆;2204|中華;2206|三陽工業;2227|裕日車;2231|為升;2241|艾姆勒;7629|峰安車業;|ATUOZONE;|NAPA;|普利擎;|Renault-Nissan-Mitsubishi;|豐田汽車;2207|和泰車;2247|汎德永業;3609|三一東林;|福斯集團,2026-08-16 01:24:03 CST,2026-08-16 01:24:03 CST
2301,光寶科,F000,電腦及週邊設備,下游/上游,電源供應器;其他電腦及週邊設備;伺服器;機殼;安全監控系統,2388|威盛;3709|鑫聯大投控;8096|擎亞;|超微半導體;|英特爾;6189|豐藝;6233|旺玖;|輝達;2459|敦吉;3038|全台;5315|光聯;6167|久正;|京東方;|LG顯示;|三星電子;|三星顯示;2376|技嘉;3024|憶聲;3516|亞帝歐;5386|青雲,2308|台達電;2317|鴻海;2324|仁寶;2331|精英;2353|宏碁;2356|英業達;2357|華碩;2362|藍天;2364|倫飛;2371|大同;2376|技嘉;2377|微星;2382|廣達;2430|燦坤;2483|百容;3005|神基;3231|緯創;4938|和碩;3213|茂訊;3709|鑫聯大投控,2026-08-16 01:24:03 CST,2026-08-16 01:24:03 CST
2301,光寶科,A300,電動車輛產業,中游,零組件,1605|華新;1611|中電;1723|中碳;2308|台達電;2352|佳世達;2371|大同;3010|華立;4739|康普;5234|達興材料;6278|台表科;8215|明基材;4721|美琪瑪;8038|長園科;8358|金居;5227|立凱-KY;3616|泓辰;6555|榮炭;7618|益瑞;|貝特瑞;|L&F,2207|和泰車;2237|華德動能-創;2308|台達電;3015|全漢;4952|凌通;6202|盛群;6278|台表科;8261|富鼎;9914|美利達;1599|宏佳騰;5457|宣德;8933|愛地雅;8937|合騏*;5227|立凱-KY;5543|桓鼎-KY;3616|泓辰;7697|微笑元素創意;|Accell Group;|北京汽車;|比亞迪汽車,2026-08-16 01:24:03 CST,2026-08-16 01:24:03 CST
3035,智原,D000,半導體,上游,IP設計/IC設計代工服務,,2338|光罩;2438|翔耀;|大日本印刷;|豐創;|凸版印刷;2303|聯電;2330|台積電;2337|旺宏;2340|台亞;2344|華邦電;2371|大同;2408|南亞科;2434|統懋;2455|全新;3016|嘉晶;3532|台勝科;4919|新唐;5222|全訊;6770|力積電;8028|昇陽半導體,2026-08-16 01:24:03 CST,2026-08-16 01:24:03 CST
5269,祥碩,D000,半導體,上游,IC設計,,2338|光罩;2438|翔耀;|大日本印刷;|豐創;|凸版印刷;2303|聯電;2330|台積電;2337|旺宏;2340|台亞;2344|華邦電;2371|大同;2408|南亞科;2434|統懋;2455|全新;3016|嘉晶;3532|台勝科;4919|新唐;5222|全訊;6770|力積電;8028|昇陽半導體,2026-08-16 01:24:03 CST,2026-08-16 01:24:03 CST
6669,緯穎,5300,人工智慧,上游,運算設備,,,2026-08-16 01:24:03 CST,2026-08-16 01:24:03 CST
6669,緯穎,5400,雲端運算,上游,電腦設備,,2308|台達電;2390|云辰;2480|敦陽科;3029|零壹;3057|喬鼎;6112|邁達特;6614|資拓宏宇;8374|羅昇;6140|訊達電腦;6218|豪勉;6221|晉泰;6263|普萊德;6739|竹陞科技;6752|叡揚;6811|宏碁資訊;6865|偉康科技;7714|創泓科技;7747|昕奇雲端;8099|大世科;6741|91APP*-KY,2026-08-16 01:24:03 CST,2026-08-16 01:24:03 CST
6669,緯穎,F000,電腦及週邊設備,下游,伺服器,2388|威盛;3709|鑫聯大投控;8096|擎亞;|超微半導體;|英特爾;6189|豐藝;6233|旺玖;|輝達;2459|敦吉;3038|全台;5315|光聯;6167|久正;|京東方;|LG顯示;|三星電子;|三星顯示;2376|技嘉;3024|憶聲;3516|亞帝歐;5386|青雲,,2026-08-16 01:24:03 CST,2026-08-16 01:24:03 CST
6695,芯鼎,5300,人工智慧,上游,電腦視覺;機器學習,,,2026-08-16 01:24:03 CST,2026-08-16 01:24:03 CST
6695,芯鼎,D000,半導體,上游,IP設計/IC設計代工服務;IC設計,,2338|光罩;2438|翔耀;|大日本印刷;|豐創;|凸版印刷;2303|聯電;2330|台積電;2337|旺宏;2340|台亞;2344|華邦電;2371|大同;2408|南亞科;2434|統懋;2455|全新;3016|嘉晶;3532|台勝科;4919|新唐;5222|全訊;6770|力積電;8028|昇陽半導體,2026-08-16 01:24:03 CST,2026-08-16 01:24:03 CST
6561,是方,I000,通信網路,下游,網路設備(如數據機、網路卡、閘道器、路由器、網路電話),2459|敦吉;3169|亞信;6470|宇智;8096|擎亞;7661|皓德盛科技;|英特爾;|三星電子;QCOM|高通;2344|華邦電;2408|南亞科;3260|威剛;4973|廣穎電通;8084|巨虹;8088|品安;7866|丹立;7655|依得科;MU|美光;000660.KS|SK海力士;2466|冠西電;2476|鉅祥,,2026-08-16 01:24:03 CST,2026-08-16 01:24:03 CST
6561,是方,5400,雲端運算,下游,設備安裝服務;雲端應用服務;系統整合;顧問諮詢,2308|台達電;2352|佳世達;2382|廣達;2390|云辰;2480|敦陽科;2495|普安;3029|零壹;3057|喬鼎;3706|神達;6112|邁達特;6614|資拓宏宇;6669|緯穎;8210|勤誠;6221|晉泰;6263|普萊德;6680|鑫創電子;6752|叡揚;7805|威聯通;8277|商丞;5223|安力-KY,,2026-08-16 01:24:03 CST,2026-08-16 01:24:03 CST
6561,是方,5600,大數據,上游,資料庫;分析工具;儲存處理;應用軟體;雲端平台,,,2026-08-16 01:24:03 CST,2026-08-16 01:24:03 CST
6561,是方,5500,資通訊安全,上游,網路安全防護;雲端安全;網頁內容安全,,,2026-08-16 01:24:03 CST,2026-08-16 01:24:03 CST
7765,中華資安,R300,電子商務,上游,資料分析處理服務;資訊系統建置服務,,,2026-08-16 01:24:03 CST,2026-08-16 01:24:03 CST
7765,中華資安,5400,雲端運算,下游/中游/上游,營運管理軟體;系統整合;電腦設備;設備安裝服務;資安防護軟體,2308|台達電;2352|佳世達;2382|廣達;2390|云辰;2480|敦陽科;2495|普安;3029|零壹;3057|喬鼎;3706|神達;6112|邁達特;6614|資拓宏宇;6669|緯穎;8210|勤誠;6221|晉泰;6263|普萊德;6680|鑫創電子;6752|叡揚;7805|威聯通;8277|商丞;5223|安力-KY,2301|光寶科;2390|云辰;2395|研華;2480|敦陽科;2495|普安;3029|零壹;3057|喬鼎;4904|遠傳;6112|邁達特;6614|資拓宏宇;6689|伊雲谷;6123|上奇;6221|晉泰;6263|普萊德;6561|是方;6697|東捷資訊;6752|叡揚;6811|宏碁資訊;6865|偉康科技;6870|騰雲,2026-08-16 01:24:03 CST,2026-08-16 01:24:03 CST
7765,中華資安,R000,軟體服務,上游,通路經銷;資料處理服務;應用/系統軟體設計開發;系統整合服務,,,2026-08-16 01:24:03 CST,2026-08-16 01:24:03 CST
7765,中華資安,5500,資通訊安全,上游,資安防護能力分析與鑑識服務;資料安全;網路安全防護;安全營運與事件回應;資安顧問服務,,,2026-08-16 01:24:03 CST,2026-08-16 01:24:03 CST
3150,鈺寶-創,D000,半導體,下游/上游,IC模組;IC設計,2401|凌陽;3035|智原;3443|創意;5222|全訊;6533|晶心科;6695|芯鼎;3661|世芯-KY;3339|泰谷;3529|力旺;4953|緯致;6423|億而得;6643|M31;8054|安國;8227|巨有科技;8299|群聯;6786|芯測;6842|瑞宇;7707|益芯科;7796|擷發科;7898|乾瞻,2338|光罩;2438|翔耀;|大日本印刷;|豐創;|凸版印刷;2303|聯電;2330|台積電;2337|旺宏;2340|台亞;2344|華邦電;2371|大同;2408|南亞科;2434|統懋;2455|全新;3016|嘉晶;3532|台勝科;4919|新唐;5222|全訊;6770|力積電;8028|昇陽半導體,2026-08-16 01:24:03 CST,2026-08-16 01:24:03 CST
2646,星宇航空,T000,交通運輸及航運,上游,海陸空大眾運輸,,,2026-08-16 01:24:03 CST,2026-08-16 01:24:03 CST
4953,緯軟,5300,人工智慧,上游,領域解決方案;系統整合,,,2026-08-16 01:24:03 CST,2026-08-16 01:24:03 CST
4953,緯軟,5400,雲端運算,下游,系統整合,2308|台達電;2352|佳世達;2382|廣達;2390|云辰;2480|敦陽科;2495|普安;3029|零壹;3057|喬鼎;3706|神達;6112|邁達特;6614|資拓宏宇;6669|緯穎;8210|勤誠;6221|晉泰;6263|普萊德;6680|鑫創電子;6752|叡揚;7805|威聯通;8277|商丞;5223|安力-KY,,2026-08-16 01:24:03 CST,2026-08-16 01:24:03 CST
4953,緯軟,5600,大數據,上游,領域解決方案;系統整合,,,2026-08-16 01:24:03 CST,2026-08-16 01:24:03 CST
4953,緯軟,5200,金融科技,上游,數位銀行,,,2026-08-16 01:24:03 CST,2026-08-16 01:24:03 CST
4953,緯軟,R000,軟體服務,上游,應用/系統軟體設計開發,,,2026-08-16 01:24:03 CST,2026-08-16 01:24:03 CST
4953,緯軟,D000,半導體,上游,IP設計/IC設計代工服務,,2338|光罩;2438|翔耀;|大日本印刷;|豐創;|凸版印刷;2303|聯電;2330|台積電;2337|旺宏;2340|台亞;2344|華邦電;2371|大同;2408|南亞科;2434|統懋;2455|全新;3016|嘉晶;3532|台勝科;4919|新唐;5222|全訊;6770|力積電;8028|昇陽半導體,2026-08-16 01:24:03 CST,2026-08-16 01:24:03 CST
6231,系微,F000,電腦及週邊設備,上游,BIOS(嵌入式軟體),,2308|台達電;2317|鴻海;2324|仁寶;2331|精英;2353|宏碁;2356|英業達;2357|華碩;2362|藍天;2364|倫飛;2371|大同;2376|技嘉;2377|微星;2382|廣達;2430|燦坤;2483|百容;3005|神基;3231|緯創;4938|和碩;3213|茂訊;3709|鑫聯大投控,2026-08-16 01:24:03 CST,2026-08-16 01:24:03 CST
9917,中保科,M000,食品,下游,餐飲連鎖;加工食品,1210|大成;1215|卜蜂;1216|統一;1220|台榮;1225|福懋油;1232|大統益;1233|天仁;1235|興泰;1702|南僑;1737|臺鹽;2913|農林;4755|三福化;4930|燦星網;1264|德麥;1294|漢田生技;1295|生合;3388|崇越電;6578|達邦蛋白;6846|綠茵;8472|納維康,,2026-08-16 01:24:03 CST,2026-08-16 01:24:03 CST
9917,中保科,X000,其他,上游,其他,,,2026-08-16 01:24:03 CST,2026-08-16 01:24:03 CST
9917,中保科,S000,建材營造,下游/中游,物業管理;工程承攬,1603|華電;1612|宏泰;1802|台玻;1806|冠軍;1809|中釉;1810|和成;1817|凱撒衛;2020|美亞;2504|國產;2597|潤弘;3149|正達;5515|建國;5534|長虹;8463|潤泰材;3388|崇越電;6228|全譜;8424|惠普;8930|青鋼;5543|桓鼎-KY;7763|崇舜,1809|中釉;8942|森鉅;2597|潤弘;6754|匯僑設計;9945|潤泰新;5314|世紀*;6228|全譜;7748|鑫囍創業;|特力屋;|家德寶;|美國勞氏公司;1513|中興電;2371|大同;2511|太子;2923|鼎固-KY;7688|創客共好;|世邦魏理仕;|21世紀不動產;|三菱地所株式會社,2026-08-16 01:24:03 CST,2026-08-16 01:24:03 CST
9917,中保科,AD10,智慧電網,上游,系統整合服務,,,2026-08-16 01:24:03 CST,2026-08-16 01:24:03 CST
9917,中保科,C200,醫療器材,下游,醫療器材代理銷售及通路,2308|台達電;2459|敦吉;2476|鉅祥;3010|華立;3543|州巧;6838|台新藥;3665|貿聯-KY;1593|祺驊;3162|精確;3294|英濟;3303|岱稜;4183|福永生技;5356|協益;6151|晉倫;6275|元山;6577|勁豐;6913|鴻呈;7744|崴寶;8109|博大;3184|微邦,,2026-08-16 01:24:03 CST,2026-08-16 01:24:03 CST
9917,中保科,5500,資通訊安全,上游,資安防護能力分析與鑑識服務;網路安全防護;資安顧問服務;網路基礎設施;資安營運管理服務,,,2026-08-16 01:24:03 CST,2026-08-16 01:24:03 CST
9917,中保科,T000,交通運輸及航運,上游,海陸空貨運承攬;貨櫃運輸集散及倉儲,,,2026-08-16 01:24:03 CST,2026-08-16 01:24:03 CST
3558,神準,I000,通信網路,下游,網路設備(如數據機、網路卡、閘道器、路由器、網路電話);有線通訊設備(如電話機、傳真機),2459|敦吉;3169|亞信;6470|宇智;8096|擎亞;7661|皓德盛科技;|英特爾;|三星電子;QCOM|高通;2344|華邦電;2408|南亞科;3260|威剛;4973|廣穎電通;8084|巨虹;8088|品安;7866|丹立;7655|依得科;MU|美光;000660.KS|SK海力士;2466|冠西電;2476|鉅祥,,2026-08-16 01:24:03 CST,2026-08-16 01:24:03 CST
2450,神腦,I000,通信網路,下游,無線通訊設備(如行動電話、衛星定位系統、衛星/微波通訊設備、數位機上盒),2459|敦吉;3169|亞信;6470|宇智;8096|擎亞;7661|皓德盛科技;|英特爾;|三星電子;QCOM|高通;2344|華邦電;2408|南亞科;3260|威剛;4973|廣穎電通;8084|巨虹;8088|品安;7866|丹立;7655|依得科;MU|美光;000660.KS|SK海力士;2466|冠西電;2476|鉅祥,,2026-08-16 01:24:03 CST,2026-08-16 01:24:03 CST
2303,聯電,D000,半導體,中游,IC/晶圓製造,2401|凌陽;3035|智原;3443|創意;5222|全訊;6533|晶心科;6695|芯鼎;3661|世芯-KY;3339|泰谷;3529|力旺;4953|緯致;6423|億而得;6643|M31;8054|安國;8227|巨有科技;8299|群聯;6786|芯測;6842|瑞宇;7707|益芯科;7796|擷發科;7898|乾瞻,2308|台達電;2360|致茂;2467|志聖;3030|德律;3055|蔚華科;3583|辛耘;4770|上品;6277|宏正;6438|迅得;6515|穎崴;6937|天虹;7631|聚賢研發-創;7730|暉盛-創;7768|頌勝科技;7822|倍利科;8070|長華*;1595|川寶;3093|港建*;3131|弘塑;3219|倚強科,2026-08-16 01:24:03 CST,2026-08-16 01:24:03 CST
7708,全家餐飲,M000,食品,下游,餐飲連鎖,1210|大成;1215|卜蜂;1216|統一;1220|台榮;1225|福懋油;1232|大統益;1233|天仁;1235|興泰;1702|南僑;1737|臺鹽;2913|農林;4755|三福化;4930|燦星網;1264|德麥;1294|漢田生技;1295|生合;3388|崇越電;6578|達邦蛋白;6846|綠茵;8472|納維康,,2026-08-16 01:24:03 CST,2026-08-16 01:24:03 CST
6613,朋億,A200,LED照明產業,中游,生產製程、檢測設備及原物料,2371|大同;2491|吉祥全;3383|新世紀;6278|台表科;3615|安可;7648|百陽生技;6971.T|京瓷;|Mono Crystal;|Rubicon,1809|中釉;2301|光寶科;2371|大同;2393|億光;2491|吉祥全;3026|禾伸堂;3031|佰鴻;3052|夆典;3346|麗清;3383|新世紀;3437|榮創;3591|艾笛森;3714|富采;5244|弘凱;5434|崇越;6164|華興;6168|宏齊;6226|光鼎;6271|同欣電;6278|台表科,2026-08-16 01:24:03 CST,2026-08-16 01:24:03 CST
6613,朋億,D000,半導體,中游,生產製程及檢測設備,2401|凌陽;3035|智原;3443|創意;5222|全訊;6533|晶心科;6695|芯鼎;3661|世芯-KY;3339|泰谷;3529|力旺;4953|緯致;6423|億而得;6643|M31;8054|安國;8227|巨有科技;8299|群聯;6786|芯測;6842|瑞宇;7707|益芯科;7796|擷發科;7898|乾瞻,2308|台達電;2360|致茂;2467|志聖;3030|德律;3055|蔚華科;3583|辛耘;4770|上品;6277|宏正;6438|迅得;6515|穎崴;6937|天虹;7631|聚賢研發-創;7730|暉盛-創;7768|頌勝科技;7822|倍利科;8070|長華*;1595|川寶;3093|港建*;3131|弘塑;3219|倚強科,2026-08-16 01:24:03 CST,2026-08-16 01:24:03 CST
6613,朋億,G000,平面顯示器,中游,生產製程及檢測,1711|永光;1717|長興;1773|勝一;3010|華立;4720|德淵;4722|國精化;4755|三福化;5234|達興材料;1785|光洋科;3663|鑫科;4749|新應材;4768|晶呈科技;4772|台特化;6959|兆捷科技;|東進;|ENEOS控股株式會社;|富士軟片;|JSR株式會社;MRK|默克集團;|三井金屬,2371|大同;|戴爾;|惠普;|聯想;1614|三洋電;2352|佳世達;2489|瑞軒;3024|憶聲;6120|達運;9912|偉聯;3128|昇銳;3434|哲固;3541|西柏;4995|晶達;5493|三聯;6673|和詮;|LG顯示;|三星電子;1604|聲寶;2324|仁寶,2026-08-16 01:24:03 CST,2026-08-16 01:24:03 CST
7703,銳澤,X000,其他,上游,其他電子產品及電子服務產業,,,2026-08-16 01:24:03 CST,2026-08-16 01:24:03 CST
7703,銳澤,D000,半導體,下游,生產製程及檢測設備,2401|凌陽;3035|智原;3443|創意;5222|全訊;6533|晶心科;6695|芯鼎;3661|世芯-KY;3339|泰谷;3529|力旺;4953|緯致;6423|億而得;6643|M31;8054|安國;8227|巨有科技;8299|群聯;6786|芯測;6842|瑞宇;7707|益芯科;7796|擷發科;7898|乾瞻,,2026-08-16 01:24:03 CST,2026-08-16 01:24:03 CST
7703,銳澤,G000,平面顯示器,中游,生產製程及檢測,1711|永光;1717|長興;1773|勝一;3010|華立;4720|德淵;4722|國精化;4755|三福化;5234|達興材料;1785|光洋科;3663|鑫科;4749|新應材;4768|晶呈科技;4772|台特化;6959|兆捷科技;|東進;|ENEOS控股株式會社;|富士軟片;|JSR株式會社;MRK|默克集團;|三井金屬,2371|大同;|戴爾;|惠普;|聯想;1614|三洋電;2352|佳世達;2489|瑞軒;3024|憶聲;6120|達運;9912|偉聯;3128|昇銳;3434|哲固;3541|西柏;4995|晶達;5493|三聯;6673|和詮;|LG顯示;|三星電子;1604|聲寶;2324|仁寶,2026-08-16 01:24:03 CST,2026-08-16 01:24:03 CST
2353,宏碁,F000,電腦及週邊設備,下游,桌上型電腦;其他電腦及週邊設備;伺服器;印表機、傳真機、掃瞄器、多功能事務機、投影機;筆記型電腦,2388|威盛;3709|鑫聯大投控;8096|擎亞;|超微半導體;|英特爾;6189|豐藝;6233|旺玖;|輝達;2459|敦吉;3038|全台;5315|光聯;6167|久正;|京東方;|LG顯示;|三星電子;|三星顯示;2376|技嘉;3024|憶聲;3516|亞帝歐;5386|青雲,,2026-08-16 01:24:03 CST,2026-08-16 01:24:03 CST
3158,嘉實,5200,金融科技,上游,理財投資,,,2026-08-16 01:24:03 CST,2026-08-16 01:24:03 CST
3158,嘉實,R000,軟體服務,上游,應用/系統軟體設計開發;系統整合服務,,,2026-08-16 01:24:03 CST,2026-08-16 01:24:03 CST
6035,悠遊卡,U000,金融,上游,金控業/銀行業/保險業,,,2026-08-16 01:24:03 CST,2026-08-16 01:24:03 CST
7722,LINEPAY,R300,電子商務,上游,金流串接處理服務;行銷廣告服務;票券銷售,,,2026-08-16 01:24:03 CST,2026-08-16 01:24:03 CST
7722,LINEPAY,5200,金融科技,上游,支付,,,2026-08-16 01:24:03 CST,2026-08-16 01:24:03 CST
5904,寶雅,V000,貿易百貨,下游,零售通路,1614|三洋電;2371|大同;4930|燦星網;6201|亞弘電;6225|天瀚;2929|淘帝-KY;4807|日成-KY;8429|金麗-KY;2916|滿心;8916|光隆;8941|關中;2924|宏太-KY;6629|泰金-KY;2938|床的世界;2940|歐都納;7401|格外農品;7412|生態綠;7449|元皓;7451|頂豪;7542|宥盛,,2026-08-16 01:24:03 CST,2026-08-16 01:24:03 CST
6182,合晶,D000,半導體,中游,IC/晶圓製造,2401|凌陽;3035|智原;3443|創意;5222|全訊;6533|晶心科;6695|芯鼎;3661|世芯-KY;3339|泰谷;3529|力旺;4953|緯致;6423|億而得;6643|M31;8054|安國;8227|巨有科技;8299|群聯;6786|芯測;6842|瑞宇;7707|益芯科;7796|擷發科;7898|乾瞻,2308|台達電;2360|致茂;2467|志聖;3030|德律;3055|蔚華科;3583|辛耘;4770|上品;6277|宏正;6438|迅得;6515|穎崴;6937|天虹;7631|聚賢研發-創;7730|暉盛-創;7768|頌勝科技;7822|倍利科;8070|長華*;1595|川寶;3093|港建*;3131|弘塑;3219|倚強科,2026-08-16 01:24:03 CST,2026-08-16 01:24:03 CST
7705,三商餐飲,M000,食品,下游,餐飲連鎖,1210|大成;1215|卜蜂;1216|統一;1220|台榮;1225|福懋油;1232|大統益;1233|天仁;1235|興泰;1702|南僑;1737|臺鹽;2913|農林;4755|三福化;4930|燦星網;1264|德麥;1294|漢田生技;1295|生合;3388|崇越電;6578|達邦蛋白;6846|綠茵;8472|納維康,,2026-08-16 01:24:03 CST,2026-08-16 01:24:03 CST
3014,聯陽,D000,半導體,上游,IC設計,,2338|光罩;2438|翔耀;|大日本印刷;|豐創;|凸版印刷;2303|聯電;2330|台積電;2337|旺宏;2340|台亞;2344|華邦電;2371|大同;2408|南亞科;2434|統懋;2455|全新;3016|嘉晶;3532|台勝科;4919|新唐;5222|全訊;6770|力積電;8028|昇陽半導體,2026-08-16 01:24:03 CST,2026-08-16 01:24:03 CST
6720,久昌,D000,半導體,上游,IC設計,,2338|光罩;2438|翔耀;|大日本印刷;|豐創;|凸版印刷;2303|聯電;2330|台積電;2337|旺宏;2340|台亞;2344|華邦電;2371|大同;2408|南亞科;2434|統懋;2455|全新;3016|嘉晶;3532|台勝科;4919|新唐;5222|全訊;6770|力積電;8028|昇陽半導體,2026-08-16 01:24:03 CST,2026-08-16 01:24:03 CST
6757,台灣虎航,T000,交通運輸及航運,上游,海陸空大眾運輸,,,2026-08-16 01:24:03 CST,2026-08-16 01:24:03 CST
7794,宏碁智新,B000,休閒娛樂,上游,旅館服務業,,,2026-08-16 01:24:03 CST,2026-08-16 01:24:03 CST
7794,宏碁智新,V000,貿易百貨,中游,貿易商、代理商、經銷商,1614|三洋電;2371|大同;4930|燦星網;6201|亞弘電;6225|天瀚;2929|淘帝-KY;4807|日成-KY;8429|金麗-KY;2916|滿心;8916|光隆;8941|關中;2924|宏太-KY;6629|泰金-KY;2938|床的世界;2940|歐都納;7401|格外農品;7412|生態綠;7449|元皓;7451|頂豪;7542|宥盛,1419|新紡;1532|勤美;1614|三洋電;2371|大同;2430|燦坤;2601|益航;2614|東森;2901|欣欣;2903|遠百;2905|三商;2910|統領;2911|麗嬰房;2912|統一超;2913|農林;2915|潤泰全;2945|三商家購;3024|憶聲;6281|全國電;8443|阿瘦;9946|三發地產,2026-08-16 01:24:03 CST,2026-08-16 01:24:03 CST
6996,力領科技,D000,半導體,上游,IC設計,,2338|光罩;2438|翔耀;|大日本印刷;|豐創;|凸版印刷;2303|聯電;2330|台積電;2337|旺宏;2340|台亞;2344|華邦電;2371|大同;2408|南亞科;2434|統懋;2455|全新;3016|嘉晶;3532|台勝科;4919|新唐;5222|全訊;6770|力積電;8028|昇陽半導體,2026-08-16 01:24:03 CST,2026-08-16 01:24:03 CST
8016,矽創,D000,半導體,上游,IC設計,,2338|光罩;2438|翔耀;|大日本印刷;|豐創;|凸版印刷;2303|聯電;2330|台積電;2337|旺宏;2340|台亞;2344|華邦電;2371|大同;2408|南亞科;2434|統懋;2455|全新;3016|嘉晶;3532|台勝科;4919|新唐;5222|全訊;6770|力積電;8028|昇陽半導體,2026-08-16 01:24:03 CST,2026-08-16 01:24:03 CST
8045,達運光電,I000,通信網路,下游,光通訊設備(如光纖電纜、光傳輸設備),2459|敦吉;3169|亞信;6470|宇智;8096|擎亞;7661|皓德盛科技;|英特爾;|三星電子;QCOM|高通;2344|華邦電;2408|南亞科;3260|威剛;4973|廣穎電通;8084|巨虹;8088|品安;7866|丹立;7655|依得科;MU|美光;000660.KS|SK海力士;2466|冠西電;2476|鉅祥,,2026-08-16 01:24:03 CST,2026-08-16 01:24:03 CST
7704,明遠精密,D000,半導體,中游,生產製程及檢測設備,2401|凌陽;3035|智原;3443|創意;5222|全訊;6533|晶心科;6695|芯鼎;3661|世芯-KY;3339|泰谷;3529|力旺;4953|緯致;6423|億而得;6643|M31;8054|安國;8227|巨有科技;8299|群聯;6786|芯測;6842|瑞宇;7707|益芯科;7796|擷發科;7898|乾瞻,2308|台達電;2360|致茂;2467|志聖;3030|德律;3055|蔚華科;3583|辛耘;4770|上品;6277|宏正;6438|迅得;6515|穎崴;6937|天虹;7631|聚賢研發-創;7730|暉盛-創;7768|頌勝科技;7822|倍利科;8070|長華*;1595|川寶;3093|港建*;3131|弘塑;3219|倚強科,2026-08-16 01:24:03 CST,2026-08-16 01:24:03 CST
6997,博弘,5300,人工智慧,上游,系統整合;智慧設備;電腦視覺;移動控制;雲端平台,,,2026-08-16 01:24:03 CST,2026-08-16 01:24:03 CST
6997,博弘,5400,雲端運算,下游/中游,營運管理軟體;系統整合;虛擬化軟體;資安防護軟體;顧問諮詢,2308|台達電;2352|佳世達;2382|廣達;2390|云辰;2480|敦陽科;2495|普安;3029|零壹;3057|喬鼎;3706|神達;6112|邁達特;6614|資拓宏宇;6669|緯穎;8210|勤誠;6221|晉泰;6263|普萊德;6680|鑫創電子;6752|叡揚;7805|威聯通;8277|商丞;5223|安力-KY,2301|光寶科;2390|云辰;2395|研華;2480|敦陽科;2495|普安;3029|零壹;3057|喬鼎;4904|遠傳;6112|邁達特;6614|資拓宏宇;6689|伊雲谷;6123|上奇;6221|晉泰;6263|普萊德;6561|是方;6697|東捷資訊;6752|叡揚;6811|宏碁資訊;6865|偉康科技;6870|騰雲,2026-08-16 01:24:03 CST,2026-08-16 01:24:03 CST
6997,博弘,5600,大數據,上游,資料庫;分析工具;儲存處理;系統整合;應用軟體,,,2026-08-16 01:24:03 CST,2026-08-16 01:24:03 CST
6997,博弘,R000,軟體服務,上游,通路經銷,,,2026-08-16 01:24:03 CST,2026-08-16 01:24:03 CST
4749,新應材,A200,LED照明產業,中游,生產製程、檢測設備及原物料,2371|大同;2491|吉祥全;3383|新世紀;6278|台表科;3615|安可;7648|百陽生技;6971.T|京瓷;|Mono Crystal;|Rubicon,1809|中釉;2301|光寶科;2371|大同;2393|億光;2491|吉祥全;3026|禾伸堂;3031|佰鴻;3052|夆典;3346|麗清;3383|新世紀;3437|榮創;3591|艾笛森;3714|富采;5244|弘凱;5434|崇越;6164|華興;6168|宏齊;6226|光鼎;6271|同欣電;6278|台表科,2026-08-16 01:24:03 CST,2026-08-16 01:24:03 CST
4749,新應材,D000,半導體,中游,化學品,2401|凌陽;3035|智原;3443|創意;5222|全訊;6533|晶心科;6695|芯鼎;3661|世芯-KY;3339|泰谷;3529|力旺;4953|緯致;6423|億而得;6643|M31;8054|安國;8227|巨有科技;8299|群聯;6786|芯測;6842|瑞宇;7707|益芯科;7796|擷發科;7898|乾瞻,2308|台達電;2360|致茂;2467|志聖;3030|德律;3055|蔚華科;3583|辛耘;4770|上品;6277|宏正;6438|迅得;6515|穎崴;6937|天虹;7631|聚賢研發-創;7730|暉盛-創;7768|頌勝科技;7822|倍利科;8070|長華*;1595|川寶;3093|港建*;3131|弘塑;3219|倚強科,2026-08-16 01:24:03 CST,2026-08-16 01:24:03 CST
4749,新應材,G000,平面顯示器,上游,化學品(如光阻劑、靶材等),,2371|大同;2409|友達;2459|敦吉;3038|全台;3481|群創;6116|彩晶;6189|豐藝;6278|台表科;6916|華凌;8104|錸寶;8105|凌巨;5245|智晶;5315|光聯;8069|元太;6979|勝釩;|京東方;|LG顯示;|三星顯示;|三星顯示器;2393|億光,2026-08-16 01:24:03 CST,2026-08-16 01:24:03 CST
7747,昕奇雲端,5300,人工智慧,上游,領域解決方案;雲端平台;系統整合,,,2026-08-16 01:24:03 CST,2026-08-16 01:24:03 CST
7747,昕奇雲端,5400,雲端運算,下游/中游,設備管理軟體;虛擬化軟體;資安防護軟體;雲端應用服務;雲端作業系統,2308|台達電;2352|佳世達;2382|廣達;2390|云辰;2480|敦陽科;2495|普安;3029|零壹;3057|喬鼎;3706|神達;6112|邁達特;6614|資拓宏宇;6669|緯穎;8210|勤誠;6221|晉泰;6263|普萊德;6680|鑫創電子;6752|叡揚;7805|威聯通;8277|商丞;5223|安力-KY,2301|光寶科;2390|云辰;2395|研華;2480|敦陽科;2495|普安;3029|零壹;3057|喬鼎;4904|遠傳;6112|邁達特;6614|資拓宏宇;6689|伊雲谷;6123|上奇;6221|晉泰;6263|普萊德;6561|是方;6697|東捷資訊;6752|叡揚;6811|宏碁資訊;6865|偉康科技;6870|騰雲,2026-08-16 01:24:03 CST,2026-08-16 01:24:03 CST
7747,昕奇雲端,5600,大數據,上游,資料庫;應用軟體;分析工具;雲端平台,,,2026-08-16 01:24:03 CST,2026-08-16 01:24:03 CST
7747,昕奇雲端,R000,軟體服務,上游,通路經銷,,,2026-08-16 01:24:03 CST,2026-08-16 01:24:03 CST
7747,昕奇雲端,5500,資通訊安全,上游,資料安全;網路安全防護;安全營運與事件回應;資安顧問服務;身分認證與訪問管理,,,2026-08-16 01:24:03 CST,2026-08-16 01:24:03 CST
6123,上奇,5400,雲端運算,下游/中游,營運管理軟體;系統整合;設備安裝服務;虛擬化軟體;資安防護軟體,2308|台達電;2352|佳世達;2382|廣達;2390|云辰;2480|敦陽科;2495|普安;3029|零壹;3057|喬鼎;3706|神達;6112|邁達特;6614|資拓宏宇;6669|緯穎;8210|勤誠;6221|晉泰;6263|普萊德;6680|鑫創電子;6752|叡揚;7805|威聯通;8277|商丞;5223|安力-KY,2301|光寶科;2390|云辰;2395|研華;2480|敦陽科;2495|普安;3029|零壹;3057|喬鼎;4904|遠傳;6112|邁達特;6614|資拓宏宇;6689|伊雲谷;6221|晉泰;6263|普萊德;6561|是方;6697|東捷資訊;6752|叡揚;6811|宏碁資訊;6865|偉康科技;6870|騰雲;6997|博弘,2026-08-16 01:24:03 CST,2026-08-16 01:24:03 CST
6123,上奇,R000,軟體服務,上游,通路經銷;系統整合服務,,,2026-08-16 01:24:03 CST,2026-08-16 01:24:03 CST
6425,易發,6000,自動化,下游,自動化機台(例如加工、運輸、檢測、包裝等機台),3611|鼎翰;3623|富晶通;7870|聯剛科技;|勞勃·博世公司;|艾默生電氣公司;|Honeywell;|三星電子;6758.T|索尼;6739|竹陞科技;ABB|ABB;ROK|洛克威爾自動化;|西門子;6503.T|三菱電機;|施耐德電機公司;ANSS|ANSYS;ADSK|歐特克;DASTY|達梭系統;PTC|PTC;|SAS;5371|中光電,,2026-08-16 01:24:03 CST,2026-08-16 01:24:03 CST
6425,易發,G000,平面顯示器,中游,生產製程及檢測,1711|永光;1717|長興;1773|勝一;3010|華立;4720|德淵;4722|國精化;4755|三福化;5234|達興材料;1785|光洋科;3663|鑫科;4749|新應材;4768|晶呈科技;4772|台特化;6959|兆捷科技;|東進;|ENEOS控股株式會社;|富士軟片;|JSR株式會社;MRK|默克集團;|三井金屬,2371|大同;|戴爾;|惠普;|聯想;1614|三洋電;2352|佳世達;2489|瑞軒;3024|憶聲;6120|達運;9912|偉聯;3128|昇銳;3434|哲固;3541|西柏;4995|晶達;5493|三聯;6673|和詮;|LG顯示;|三星電子;1604|聲寶;2324|仁寶,2026-08-16 01:24:03 CST,2026-08-16 01:24:03 CST
7712,博盛半導體,D000,半導體,上游,IC設計,,2338|光罩;2438|翔耀;|大日本印刷;|豐創;|凸版印刷;2303|聯電;2330|台積電;2337|旺宏;2340|台亞;2344|華邦電;2371|大同;2408|南亞科;2434|統懋;2455|全新;3016|嘉晶;3532|台勝科;4919|新唐;5222|全訊;6770|力積電;8028|昇陽半導體,2026-08-16 01:24:03 CST,2026-08-16 01:24:03 CST
6811,宏碁資訊,5300,人工智慧,上游,系統整合;雲端平台;顧問諮詢;資料處理;領域解決方案,,,2026-08-16 01:24:03 CST,2026-08-16 01:24:03 CST
6811,宏碁資訊,5400,雲端運算,下游/中游,營運管理軟體;設備管理軟體;系統整合;設備安裝服務;虛擬化軟體,2308|台達電;2352|佳世達;2382|廣達;2390|云辰;2480|敦陽科;2495|普安;3029|零壹;3057|喬鼎;3706|神達;6112|邁達特;6614|資拓宏宇;6669|緯穎;8210|勤誠;6221|晉泰;6263|普萊德;6680|鑫創電子;6752|叡揚;7805|威聯通;8277|商丞;5223|安力-KY,2301|光寶科;2390|云辰;2395|研華;2480|敦陽科;2495|普安;3029|零壹;3057|喬鼎;4904|遠傳;6112|邁達特;6614|資拓宏宇;6689|伊雲谷;6123|上奇;6221|晉泰;6263|普萊德;6561|是方;6697|東捷資訊;6752|叡揚;6865|偉康科技;6870|騰雲;6997|博弘,2026-08-16 01:24:03 CST,2026-08-16 01:24:03 CST
6811,宏碁資訊,5600,大數據,上游,資料庫;分析工具;儲存處理;系統整合;應用軟體,,,2026-08-16 01:24:03 CST,2026-08-16 01:24:03 CST
6811,宏碁資訊,R000,軟體服務,上游,通路經銷;資料處理服務;應用/系統軟體設計開發;系統整合服務,,,2026-08-16 01:24:03 CST,2026-08-16 01:24:03 CST
6811,宏碁資訊,5700,體驗科技,上游,應用軟體/內容;資服,,,2026-08-16 01:24:03 CST,2026-08-16 01:24:03 CST
3029,零壹,5300,人工智慧,上游,系統整合;雲端平台;顧問諮詢;機器學習;運算設備,,,2026-08-16 01:24:03 CST,2026-08-16 01:24:03 CST
3029,零壹,5400,雲端運算,下游/中游/上游,設備管理軟體;系統整合;電腦設備;設備安裝服務;虛擬化軟體,2308|台達電;2352|佳世達;2382|廣達;2390|云辰;2480|敦陽科;2495|普安;3057|喬鼎;3706|神達;6112|邁達特;6614|資拓宏宇;6669|緯穎;8210|勤誠;6221|晉泰;6263|普萊德;6680|鑫創電子;6752|叡揚;7805|威聯通;8277|商丞;5223|安力-KY;6938|藍新資訊,2301|光寶科;2390|云辰;2395|研華;2480|敦陽科;2495|普安;3057|喬鼎;4904|遠傳;6112|邁達特;6614|資拓宏宇;6689|伊雲谷;6123|上奇;6221|晉泰;6263|普萊德;6561|是方;6697|東捷資訊;6752|叡揚;6811|宏碁資訊;6865|偉康科技;6870|騰雲;6997|博弘,2026-08-16 01:24:03 CST,2026-08-16 01:24:03 CST
3029,零壹,5600,大數據,上游,分析工具;儲存處理;系統整合;應用軟體;雲端平台,,,2026-08-16 01:24:03 CST,2026-08-16 01:24:03 CST
3029,零壹,R000,軟體服務,上游,通路經銷;系統整合服務,,,2026-08-16 01:24:03 CST,2026-08-16 01:24:03 CST
3029,零壹,5500,資通訊安全,上游,資安防護能力分析與鑑識服務;資料安全;網路安全防護;安全營運與事件回應;資安顧問服務,,,2026-08-16 01:24:03 CST,2026-08-16 01:24:03 CST
6690,安碁資訊,R000,軟體服務,上游,系統整合服務,,,2026-08-16 01:24:03 CST,2026-08-16 01:24:03 CST
6690,安碁資訊,5500,資通訊安全,上游,資安防護能力分析與鑑識服務;資料安全;網路安全防護;安全營運與事件回應;資安顧問服務,,,2026-08-16 01:24:03 CST,2026-08-16 01:24:03 CST
6763,綠界科技,R300,電子商務,上游,金流串接處理服務,,,2026-08-16 01:24:03 CST,2026-08-16 01:24:03 CST
6763,綠界科技,5200,金融科技,上游,支付,,,2026-08-16 01:24:03 CST,2026-08-16 01:24:03 CST
6751,智聯服務,R000,軟體服務,上游,系統整合服務,,,2026-08-16 01:24:03 CST,2026-08-16 01:24:03 CST
6442,光聖,I000,通信網路,下游,光通訊設備(如光纖電纜、光傳輸設備),2459|敦吉;3169|亞信;6470|宇智;8096|擎亞;7661|皓德盛科技;|英特爾;|三星電子;QCOM|高通;2344|華邦電;2408|南亞科;3260|威剛;4973|廣穎電通;8084|巨虹;8088|品安;7866|丹立;7655|依得科;MU|美光;000660.KS|SK海力士;2466|冠西電;2476|鉅祥,,2026-08-16 01:24:03 CST,2026-08-16 01:24:03 CST
8454,富邦媒,R300,電子商務,上游,一般零售;店點開設管理;物流倉儲服務;票券銷售,,,2026-08-16 01:24:03 CST,2026-08-16 01:24:03 CST
8454,富邦媒,V000,貿易百貨,中游,貿易商、代理商、經銷商,1614|三洋電;2371|大同;4930|燦星網;6201|亞弘電;6225|天瀚;2929|淘帝-KY;4807|日成-KY;8429|金麗-KY;2916|滿心;8916|光隆;8941|關中;2924|宏太-KY;6629|泰金-KY;2938|床的世界;2940|歐都納;7401|格外農品;7412|生態綠;7449|元皓;7451|頂豪;7542|宥盛,1419|新紡;1532|勤美;1614|三洋電;2371|大同;2430|燦坤;2601|益航;2614|東森;2901|欣欣;2903|遠百;2905|三商;2910|統領;2911|麗嬰房;2912|統一超;2913|農林;2915|潤泰全;2945|三商家購;3024|憶聲;6281|全國電;8443|阿瘦;9946|三發地產,2026-08-16 01:24:03 CST,2026-08-16 01:24:03 CST
8454,富邦媒,Y000,文化創意業,上游,廣播電視/電影產業,,,2026-08-16 01:24:03 CST,2026-08-16 01:24:03 CST
2332,友訊,I000,通信網路,下游,網路設備(如數據機、網路卡、閘道器、路由器、網路電話),2459|敦吉;3169|亞信;6470|宇智;8096|擎亞;7661|皓德盛科技;|英特爾;|三星電子;QCOM|高通;2344|華邦電;2408|南亞科;3260|威剛;4973|廣穎電通;8084|巨虹;8088|品安;7866|丹立;7655|依得科;MU|美光;000660.KS|SK海力士;2466|冠西電;2476|鉅祥,,2026-08-16 01:24:03 CST,2026-08-16 01:24:03 CST
7805,威聯通,5400,雲端運算,上游,電腦設備,,2308|台達電;2390|云辰;2480|敦陽科;3029|零壹;3057|喬鼎;6112|邁達特;6614|資拓宏宇;8374|羅昇;6140|訊達電腦;6218|豪勉;6221|晉泰;6263|普萊德;6739|竹陞科技;6752|叡揚;6811|宏碁資訊;6865|偉康科技;7714|創泓科技;7747|昕奇雲端;8099|大世科;6741|91APP*-KY,2026-08-16 01:24:03 CST,2026-08-16 01:24:03 CST
5536,聖暉,5400,雲端運算,下游/上游,系統整合;設備安裝服務;電力設備;顧問諮詢;冷卻設備,2308|台達電;2352|佳世達;2382|廣達;2390|云辰;2480|敦陽科;2495|普安;3029|零壹;3057|喬鼎;3706|神達;6112|邁達特;6614|資拓宏宇;6669|緯穎;8210|勤誠;6221|晉泰;6263|普萊德;6680|鑫創電子;6752|叡揚;7805|威聯通;8277|商丞;5223|安力-KY,2308|台達電;2390|云辰;2480|敦陽科;3029|零壹;3057|喬鼎;6112|邁達特;6614|資拓宏宇;8374|羅昇;6140|訊達電腦;6218|豪勉;6221|晉泰;6263|普萊德;6739|竹陞科技;6752|叡揚;6811|宏碁資訊;6865|偉康科技;7714|創泓科技;7747|昕奇雲端;8099|大世科;6741|91APP*-KY,2026-08-16 01:24:03 CST,2026-08-16 01:24:03 CST
5536,聖暉,L000,印刷電路板,上游,生產製程及檢測設備,,2313|華通;2316|楠梓電;2328|廣宇;2355|敬鵬;2367|燿華;2368|金像電;2402|毅嘉;3037|欣興;3044|健鼎;3229|晟鈦;3321|同泰;3715|定穎投控;5469|瀚宇博;6108|競國;6141|柏承;6153|嘉聯益;6191|精成科;6251|定穎;6269|台郡;6271|同欣電,2026-08-16 01:24:03 CST,2026-08-16 01:24:03 CST
5536,聖暉,P000,電機機械,下游,冷凍空調設備及零件;機電系統工程,1532|勤美;2371|大同;2483|百容;1589|永冠-KY;2067|嘉鋼;4538|大詠城;4580|捷流閥業;6705|振躍精密;|勤美達國際;|江蘇吉鑫風能;|吉鑫科技;1504|東元;1526|日馳;1536|和大;1597|直得;2049|上銀;2233|宇隆;2308|台達電;4540|全球傳動;4576|大銀微系統,,2026-08-16 01:24:03 CST,2026-08-16 01:24:03 CST
5536,聖暉,X000,其他,上游,其他電子產品及電子服務產業,,,2026-08-16 01:24:03 CST,2026-08-16 01:24:03 CST
5536,聖暉,S000,建材營造,中游/上游,工程設計;機電工程;工程承攬,1603|華電;1612|宏泰;1802|台玻;1806|冠軍;1809|中釉;1810|和成;1817|凱撒衛;2020|美亞;2504|國產;2597|潤弘;3149|正達;5515|建國;5534|長虹;8463|潤泰材;3388|崇越電;6228|全譜;8424|惠普;8930|青鋼;5543|桓鼎-KY;7763|崇舜,1809|中釉;8942|森鉅;2597|潤弘;6754|匯僑設計;9945|潤泰新;5314|世紀*;6228|全譜;7748|鑫囍創業;|特力屋;|家德寶;|美國勞氏公司;1513|中興電;2371|大同;2511|太子;9917|中保科;2923|鼎固-KY;7688|創客共好;|世邦魏理仕;|21世紀不動產;|三菱地所株式會社,2026-08-16 01:24:03 CST,2026-08-16 01:24:03 CST
5536,聖暉,A200,LED照明產業,中游,生產製程、檢測設備及原物料,2371|大同;2491|吉祥全;3383|新世紀;6278|台表科;3615|安可;7648|百陽生技;6971.T|京瓷;|Mono Crystal;|Rubicon,1809|中釉;2301|光寶科;2371|大同;2393|億光;2491|吉祥全;3026|禾伸堂;3031|佰鴻;3052|夆典;3346|麗清;3383|新世紀;3437|榮創;3591|艾笛森;3714|富采;5244|弘凱;5434|崇越;6164|華興;6168|宏齊;6226|光鼎;6271|同欣電;6278|台表科,2026-08-16 01:24:03 CST,2026-08-16 01:24:03 CST
5536,聖暉,D000,半導體,下游/中游,生產製程及檢測設備,2401|凌陽;3035|智原;3443|創意;5222|全訊;6533|晶心科;6695|芯鼎;3661|世芯-KY;3339|泰谷;3529|力旺;4953|緯致;6423|億而得;6643|M31;8054|安國;8227|巨有科技;8299|群聯;6786|芯測;6842|瑞宇;7707|益芯科;7796|擷發科;7898|乾瞻,2308|台達電;2360|致茂;2467|志聖;3030|德律;3055|蔚華科;3583|辛耘;4770|上品;6277|宏正;6438|迅得;6515|穎崴;6937|天虹;7631|聚賢研發-創;7730|暉盛-創;7768|頌勝科技;7822|倍利科;8070|長華*;1595|川寶;3093|港建*;3131|弘塑;3219|倚強科,2026-08-16 01:24:03 CST,2026-08-16 01:24:03 CST
5536,聖暉,A100,太陽能產業,下游,太陽能發電設備/系統及系統工程,1711|永光;1717|長興;5234|達興材料;5434|崇越;3665|貿聯-KY;1785|光洋科;3430|奇鈦科;3663|鑫科;3691|碩禾;4760|勤凱科技;4765|磐采;6682|華旭先進;7896|喬越;|保利協鑫能源;|REC;|SK Materials;|瓦克化學;2371|大同;2409|友達;2434|統懋,,2026-08-16 01:24:03 CST,2026-08-16 01:24:03 CST
5536,聖暉,G000,平面顯示器,中游,生產製程及檢測,1711|永光;1717|長興;1773|勝一;3010|華立;4720|德淵;4722|國精化;4755|三福化;5234|達興材料;1785|光洋科;3663|鑫科;4749|新應材;4768|晶呈科技;4772|台特化;6959|兆捷科技;|東進;|ENEOS控股株式會社;|富士軟片;|JSR株式會社;MRK|默克集團;|三井金屬,2371|大同;|戴爾;|惠普;|聯想;1614|三洋電;2352|佳世達;2489|瑞軒;3024|憶聲;6120|達運;9912|偉聯;3128|昇銳;3434|哲固;3541|西柏;4995|晶達;5493|三聯;6673|和詮;|LG顯示;|三星電子;1604|聲寶;2324|仁寶,2026-08-16 01:24:03 CST,2026-08-16 01:24:03 CST
6125,廣運,6000,自動化,上游,整體解決方案(例如自動倉儲、運輸搬運、智慧工廠、能源管理等),,2049|上銀;6739|竹陞科技;7870|聯剛科技;ABB|ABB;7675|卡德爾;3219|倚強科;3623|富晶通;6218|豪勉;6234|高僑;6425|易發;6664|群翊;7709|榮田;8027|鈦昇;6857.T|Advantest;A|安捷倫科技;|森精機;|Hexagon AB;|MAZAK;|利樂;TMO|Thermo Fisher Scientific,2026-08-16 01:24:03 CST,2026-08-16 01:24:03 CST
6125,廣運,P000,電機機械,下游,機電系統工程;輸送機械及零配件,1532|勤美;2371|大同;2483|百容;1589|永冠-KY;2067|嘉鋼;4538|大詠城;4580|捷流閥業;6705|振躍精密;|勤美達國際;|江蘇吉鑫風能;|吉鑫科技;1504|東元;1526|日馳;1536|和大;1597|直得;2049|上銀;2233|宇隆;2308|台達電;4540|全球傳動;4576|大銀微系統,,2026-08-16 01:24:03 CST,2026-08-16 01:24:03 CST
6125,廣運,A100,太陽能產業,下游,太陽能發電設備/系統及系統工程,1711|永光;1717|長興;5234|達興材料;5434|崇越;3665|貿聯-KY;1785|光洋科;3430|奇鈦科;3663|鑫科;3691|碩禾;4760|勤凱科技;4765|磐采;6682|華旭先進;7896|喬越;|保利協鑫能源;|REC;|SK Materials;|瓦克化學;2371|大同;2409|友達;2434|統懋,,2026-08-16 01:24:03 CST,2026-08-16 01:24:03 CST
6125,廣運,G000,平面顯示器,中游,生產製程及檢測,1711|永光;1717|長興;1773|勝一;3010|華立;4720|德淵;4722|國精化;4755|三福化;5234|達興材料;1785|光洋科;3663|鑫科;4749|新應材;4768|晶呈科技;4772|台特化;6959|兆捷科技;|東進;|ENEOS控股株式會社;|富士軟片;|JSR株式會社;MRK|默克集團;|三井金屬,2371|大同;|戴爾;|惠普;|聯想;1614|三洋電;2352|佳世達;2489|瑞軒;3024|憶聲;6120|達運;9912|偉聯;3128|昇銳;3434|哲固;3541|西柏;4995|晶達;5493|三聯;6673|和詮;|LG顯示;|三星電子;1604|聲寶;2324|仁寶,2026-08-16 01:24:03 CST,2026-08-16 01:24:03 CST
2359,所羅門,X000,其他,上游,其他電子產品及電子服務產業,,,2026-08-16 01:24:03 CST,2026-08-16 01:24:03 CST
6506,雙邦,O000,紡織,下游,成衣及其它家居紡織類品,1301|台塑;1303|南亞;1314|中石化;1326|台化;1402|遠東新;1710|東聯;|旭化成化學株式會社;|Ascend;|巴斯夫;|陶氏;|帝斯曼;|恒力石化;|英力士;|沙特基礎工業公司;|中國石化;|宇部興產;|翔鷺石化;|逸盛石化;1409|新纖;1413|宏洲,,2026-08-16 01:24:03 CST,2026-08-16 01:24:03 CST
6506,雙邦,N000,石化及塑橡膠,下游,接著劑(合成樹脂),1303|南亞;1723|中碳;6505|台塑化;7742|天弘化;|艾克森美孚;|宏華集團;|沙烏地阿拉伯國家石油公司;|Weatherford International;1314|中石化;1326|台化;1402|遠東新;1725|元禎;1727|中華化;4739|康普;4721|美琪瑪;|Braskem;|Chevron Phillips Chemical;|中國石油天然氣集團公司;|陶氏;|Eni,,2026-08-16 01:24:03 CST,2026-08-16 01:24:03 CST
3293,鈊象,B000,休閒娛樂,上游,線上遊戲業,,,2026-08-16 01:24:03 CST,2026-08-16 01:24:03 CST
3293,鈊象,5700,體驗科技,上游,應用軟體/內容,,,2026-08-16 01:24:03 CST,2026-08-16 01:24:03 CST
3293,鈊象,Y000,文化創意業,上游,數位內容產業,,,2026-08-16 01:24:03 CST,2026-08-16 01:24:03 CST
5274,信驊,D000,半導體,上游,IC設計,,2338|光罩;2438|翔耀;|大日本印刷;|豐創;|凸版印刷;2303|聯電;2330|台積電;2337|旺宏;2340|台亞;2344|華邦電;2371|大同;2408|南亞科;2434|統懋;2455|全新;3016|嘉晶;3532|台勝科;4919|新唐;5222|全訊;6770|力積電;8028|昇陽半導體,2026-08-16 01:24:03 CST,2026-08-16 01:24:03 CST
2603,長榮,T000,交通運輸及航運,上游,貨櫃航運,,,2026-08-16 01:24:03 CST,2026-08-16 01:24:03 CST
7547,碩網,5300,人工智慧,上游,系統整合;雲端平台;顧問諮詢;機器學習;資料處理,,,2026-08-16 01:24:03 CST,2026-08-16 01:24:03 CST
7547,碩網,5400,雲端運算,下游/中游,顧問諮詢;營運管理軟體;系統整合;雲端應用服務,2308|台達電;2352|佳世達;2382|廣達;2390|云辰;2480|敦陽科;2495|普安;3029|零壹;3057|喬鼎;3706|神達;6112|邁達特;6614|資拓宏宇;6669|緯穎;8210|勤誠;6221|晉泰;6263|普萊德;6680|鑫創電子;6752|叡揚;7805|威聯通;8277|商丞;5223|安力-KY,2301|光寶科;2390|云辰;2395|研華;2480|敦陽科;2495|普安;3029|零壹;3057|喬鼎;4904|遠傳;6112|邁達特;6614|資拓宏宇;6689|伊雲谷;6123|上奇;6221|晉泰;6263|普萊德;6561|是方;6697|東捷資訊;6752|叡揚;6811|宏碁資訊;6865|偉康科技;6870|騰雲,2026-08-16 01:24:03 CST,2026-08-16 01:24:03 CST
7547,碩網,5600,大數據,上游,應用軟體;顧問諮詢;雲端平台;系統整合,,,2026-08-16 01:24:03 CST,2026-08-16 01:24:03 CST
7547,碩網,R000,軟體服務,上游,資料處理服務;應用/系統軟體設計開發;系統整合服務,,,2026-08-16 01:24:03 CST,2026-08-16 01:24:03 CST
7734,印能科技,D000,半導體,下游,生產製程及檢測設備,2401|凌陽;3035|智原;3443|創意;5222|全訊;6533|晶心科;6695|芯鼎;3661|世芯-KY;3339|泰谷;3529|力旺;4953|緯致;6423|億而得;6643|M31;8054|安國;8227|巨有科技;8299|群聯;6786|芯測;6842|瑞宇;7707|益芯科;7796|擷發科;7898|乾瞻,,2026-08-16 01:24:03 CST,2026-08-16 01:24:03 CST
7736,虎山,P000,電機機械,下游,車用機械傳動設備及零配件,1532|勤美;2371|大同;2483|百容;1589|永冠-KY;2067|嘉鋼;4538|大詠城;4580|捷流閥業;6705|振躍精密;|勤美達國際;|江蘇吉鑫風能;|吉鑫科技;1504|東元;1526|日馳;1536|和大;1597|直得;2049|上銀;2233|宇隆;2308|台達電;4540|全球傳動;4576|大銀微系統,,2026-08-16 01:24:03 CST,2026-08-16 01:24:03 CST
7728,光焱科技,X000,其他,上游,其他電子產品及電子服務產業,,,2026-08-16 01:24:03 CST,2026-08-16 01:24:03 CST
7728,光焱科技,D000,半導體,下游/中游,生產製程及檢測設備,2401|凌陽;3035|智原;3443|創意;5222|全訊;6533|晶心科;6695|芯鼎;3661|世芯-KY;3339|泰谷;3529|力旺;4953|緯致;6423|億而得;6643|M31;8054|安國;8227|巨有科技;8299|群聯;6786|芯測;6842|瑞宇;7707|益芯科;7796|擷發科;7898|乾瞻,2308|台達電;2360|致茂;2467|志聖;3030|德律;3055|蔚華科;3583|辛耘;4770|上品;6277|宏正;6438|迅得;6515|穎崴;6937|天虹;7631|聚賢研發-創;7730|暉盛-創;7768|頌勝科技;7822|倍利科;8070|長華*;1595|川寶;3093|港建*;3131|弘塑;3219|倚強科,2026-08-16 01:24:03 CST,2026-08-16 01:24:03 CST
7732,金興精密,P000,電機機械,下游,車用機械傳動設備及零配件,1532|勤美;2371|大同;2483|百容;1589|永冠-KY;2067|嘉鋼;4538|大詠城;4580|捷流閥業;6705|振躍精密;|勤美達國際;|江蘇吉鑫風能;|吉鑫科技;1504|東元;1526|日馳;1536|和大;1597|直得;2049|上銀;2233|宇隆;2308|台達電;4540|全球傳動;4576|大銀微系統,,2026-08-16 01:24:03 CST,2026-08-16 01:24:03 CST
7769,鴻勁,D000,半導體,中游,生產製程及檢測設備,2401|凌陽;3035|智原;3443|創意;5222|全訊;6533|晶心科;6695|芯鼎;3661|世芯-KY;3339|泰谷;3529|力旺;4953|緯致;6423|億而得;6643|M31;8054|安國;8227|巨有科技;8299|群聯;6786|芯測;6842|瑞宇;7707|益芯科;7796|擷發科;7898|乾瞻,2308|台達電;2360|致茂;2467|志聖;3030|德律;3055|蔚華科;3583|辛耘;4770|上品;6277|宏正;6438|迅得;6515|穎崴;6937|天虹;7631|聚賢研發-創;7730|暉盛-創;7768|頌勝科技;7822|倍利科;8070|長華*;1595|川寶;3093|港建*;3131|弘塑;3219|倚強科,2026-08-16 01:24:03 CST,2026-08-16 01:24:03 CST
2383,台光電,L000,印刷電路板,中游,銅箔基板,1303|南亞;1802|台玻;1815|富喬;3388|崇越電;5340|建榮;5475|德宏;|AGY Holding Corp;|建滔化工;|日東紡;1717|長興;4764|雙鍵;|杜邦;|邁圖;|巴斯夫;|Sumitomo Bakelite;4989|榮科;8358|金居;|古河電氣工業;|JX金屬;|三井金屬,,2026-08-16 01:24:03 CST,2026-08-16 01:24:03 CST
7709,榮田,6000,自動化,下游,自動化機台(例如加工、運輸、檢測、包裝等機台),3611|鼎翰;3623|富晶通;7870|聯剛科技;|勞勃·博世公司;|艾默生電氣公司;|Honeywell;|三星電子;6758.T|索尼;6739|竹陞科技;ABB|ABB;ROK|洛克威爾自動化;|西門子;6503.T|三菱電機;|施耐德電機公司;ANSS|ANSYS;ADSK|歐特克;DASTY|達梭系統;PTC|PTC;|SAS;5371|中光電,,2026-08-16 01:24:03 CST,2026-08-16 01:24:03 CST
7709,榮田,P000,電機機械,下游,金屬加工用機械,1532|勤美;2371|大同;2483|百容;1589|永冠-KY;2067|嘉鋼;4538|大詠城;4580|捷流閥業;6705|振躍精密;|勤美達國際;|江蘇吉鑫風能;|吉鑫科技;1504|東元;1526|日馳;1536|和大;1597|直得;2049|上銀;2233|宇隆;2308|台達電;4540|全球傳動;4576|大銀微系統,,2026-08-16 01:24:03 CST,2026-08-16 01:24:03 CST
7713,威力德生醫,5400,雲端運算,下游,雲端應用服務,2308|台達電;2352|佳世達;2382|廣達;2390|云辰;2480|敦陽科;2495|普安;3029|零壹;3057|喬鼎;3706|神達;6112|邁達特;6614|資拓宏宇;6669|緯穎;8210|勤誠;6221|晉泰;6263|普萊德;6680|鑫創電子;6752|叡揚;7805|威聯通;8277|商丞;5223|安力-KY,,2026-08-16 01:24:03 CST,2026-08-16 01:24:03 CST
7713,威力德生醫,C300,食品生技,下游,保健食品代理銷售及通路,4108|懷特;4169|泰宗;6838|台新藥;1780|立弘;1796|金穎生技;3388|崇越電;4911|德英;6242|立康;6461|益得;6846|綠茵;8279|生展;1271|晨暉生技;1293|利統;4732|彥臣;6580|台睿;6886|遠東生技;7850|寶泰生醫;7450|那米亞;7519|歐思佛生技;7525|綠品生技,,2026-08-16 01:24:03 CST,2026-08-16 01:24:03 CST
7713,威力德生醫,C200,醫療器材,下游,醫療器材代理銷售及通路,2308|台達電;2459|敦吉;2476|鉅祥;3010|華立;3543|州巧;6838|台新藥;3665|貿聯-KY;1593|祺驊;3162|精確;3294|英濟;3303|岱稜;4183|福永生技;5356|協益;6151|晉倫;6275|元山;6577|勁豐;6913|鴻呈;7744|崴寶;8109|博大;3184|微邦,,2026-08-16 01:24:03 CST,2026-08-16 01:24:03 CST
3260,威剛,I000,通信網路,上游,記憶體,,2301|光寶科;2308|台達電;2317|鴻海;2324|仁寶;2332|友訊;2345|智邦;2352|佳世達;2357|華碩;2371|大同;2397|友通;2419|仲琦;2483|百容;2485|兆赫;3002|歐格;3025|星通;3027|盛達;3047|訊舟;3062|建漢;3380|明泰;3419|譁裕,2026-08-16 01:24:03 CST,2026-08-16 01:24:03 CST
3260,威剛,A200,LED照明產業,下游,燈具/應用,2371|大同;2491|吉祥全;3383|新世紀;6278|台表科;3615|安可;7648|百陽生技;6971.T|京瓷;|Mono Crystal;|Rubicon;2360|致茂;2426|鼎元;2459|敦吉;3583|辛耘;4755|三福化;5434|崇越;6224|聚鼎;6271|同欣電;6277|宏正;6706|惠特;7795|長廣,,2026-08-16 01:24:03 CST,2026-08-16 01:24:03 CST
3260,威剛,D000,半導體,下游,IC模組,2401|凌陽;3035|智原;3443|創意;5222|全訊;6533|晶心科;6695|芯鼎;3661|世芯-KY;3339|泰谷;3529|力旺;4953|緯致;6423|億而得;6643|M31;8054|安國;8227|巨有科技;8299|群聯;6786|芯測;6842|瑞宇;7707|益芯科;7796|擷發科;7898|乾瞻,,2026-08-16 01:24:03 CST,2026-08-16 01:24:03 CST
3260,威剛,F000,電腦及週邊設備,上游,記憶體;隨身碟、記憶卡讀卡機,,2308|台達電;2317|鴻海;2324|仁寶;2331|精英;2353|宏碁;2356|英業達;2357|華碩;2362|藍天;2364|倫飛;2371|大同;2376|技嘉;2377|微星;2382|廣達;2430|燦坤;2483|百容;3005|神基;3231|緯創;4938|和碩;3213|茂訊;3709|鑫聯大投控,2026-08-16 01:24:03 CST,2026-08-16 01:24:03 CST
4114,健喬,C100,製藥,下游,藥品代理銷售及通路;中、西藥製劑,1786|科妍;4169|泰宗;4764|雙鍵;6446|藥華藥;6657|華安;6838|台新藥;6885|全福生技;6919|康霈*;6541|泰福-KY;3176|基亞;4105|東洋;4128|中天;4147|中裕;4162|智擎;4174|浩鼎;4911|德英;6492|生華科;6496|科懋;6509|聚和;6535|順藥,,2026-08-16 01:24:03 CST,2026-08-16 01:24:03 CST
3467,台灣精材,D000,半導體,中游,生產製程及檢測設備,2401|凌陽;3035|智原;3443|創意;5222|全訊;6533|晶心科;6695|芯鼎;3661|世芯-KY;3339|泰谷;3529|力旺;4953|緯致;6423|億而得;6643|M31;8054|安國;8227|巨有科技;8299|群聯;6786|芯測;6842|瑞宇;7707|益芯科;7796|擷發科;7898|乾瞻,2308|台達電;2360|致茂;2467|志聖;3030|德律;3055|蔚華科;3583|辛耘;4770|上品;6277|宏正;6438|迅得;6515|穎崴;6937|天虹;7631|聚賢研發-創;7730|暉盛-創;7768|頌勝科技;7822|倍利科;8070|長華*;1595|川寶;3093|港建*;3131|弘塑;3219|倚強科,2026-08-16 01:24:03 CST,2026-08-16 01:24:03 CST
7737,凱鈿,5300,人工智慧,上游,系統整合;電腦視覺;雲端平台;顧問諮詢;機器學習,,,2026-08-16 01:24:03 CST,2026-08-16 01:24:03 CST
7737,凱鈿,5400,雲端運算,下游/中游,營運管理軟體;系統整合;雲端應用服務,2308|台達電;2352|佳世達;2382|廣達;2390|云辰;2480|敦陽科;2495|普安;3029|零壹;3057|喬鼎;3706|神達;6112|邁達特;6614|資拓宏宇;6669|緯穎;8210|勤誠;6221|晉泰;6263|普萊德;6680|鑫創電子;6752|叡揚;7805|威聯通;8277|商丞;5223|安力-KY,2301|光寶科;2390|云辰;2395|研華;2480|敦陽科;2495|普安;3029|零壹;3057|喬鼎;4904|遠傳;6112|邁達特;6614|資拓宏宇;6689|伊雲谷;6123|上奇;6221|晉泰;6263|普萊德;6561|是方;6697|東捷資訊;6752|叡揚;6811|宏碁資訊;6865|偉康科技;6870|騰雲,2026-08-16 01:24:03 CST,2026-08-16 01:24:03 CST
7737,凱鈿,5600,大數據,上游,分析工具;系統整合;應用軟體;雲端平台;顧問諮詢,,,2026-08-16 01:24:03 CST,2026-08-16 01:24:03 CST
7737,凱鈿,5200,金融科技,上游,監理法遵,,,2026-08-16 01:24:03 CST,2026-08-16 01:24:03 CST
7737,凱鈿,R000,軟體服務,上游,資料處理服務;應用/系統軟體設計開發,,,2026-08-16 01:24:03 CST,2026-08-16 01:24:03 CST
7737,凱鈿,5500,資通訊安全,上游,資料安全,,,2026-08-16 01:24:03 CST,2026-08-16 01:24:03 CST
6597,立誠,I000,通信網路,上游,其他零組件,,2301|光寶科;2308|台達電;2317|鴻海;2324|仁寶;2332|友訊;2345|智邦;2352|佳世達;2357|華碩;2371|大同;2397|友通;2419|仲琦;2483|百容;2485|兆赫;3002|歐格;3025|星通;3027|盛達;3047|訊舟;3062|建漢;3380|明泰;3419|譁裕,2026-08-16 01:24:03 CST,2026-08-16 01:24:03 CST
6597,立誠,L000,印刷電路板,中游,硬板、軟板、IC載板製造,1303|南亞;1802|台玻;1815|富喬;3388|崇越電;5340|建榮;5475|德宏;|AGY Holding Corp;|建滔化工;|日東紡;1717|長興;4764|雙鍵;|杜邦;|邁圖;|巴斯夫;|Sumitomo Bakelite;4989|榮科;8358|金居;|古河電氣工業;|JX金屬;|三井金屬,,2026-08-16 01:24:03 CST,2026-08-16 01:24:03 CST
6597,立誠,A200,LED照明產業,中游,生產製程、檢測設備及原物料,2371|大同;2491|吉祥全;3383|新世紀;6278|台表科;3615|安可;7648|百陽生技;6971.T|京瓷;|Mono Crystal;|Rubicon,1809|中釉;2301|光寶科;2371|大同;2393|億光;2491|吉祥全;3026|禾伸堂;3031|佰鴻;3052|夆典;3346|麗清;3383|新世紀;3437|榮創;3591|艾笛森;3714|富采;5244|弘凱;5434|崇越;6164|華興;6168|宏齊;6226|光鼎;6271|同欣電;6278|台表科,2026-08-16 01:24:03 CST,2026-08-16 01:24:03 CST
6850,光鼎生技,C200,醫療器材,中游,醫療器材研發、設計、製造,2308|台達電;2459|敦吉;2476|鉅祥;3010|華立;3543|州巧;6838|台新藥;3665|貿聯-KY;1593|祺驊;3162|精確;3294|英濟;3303|岱稜;4183|福永生技;5356|協益;6151|晉倫;6275|元山;6577|勁豐;6913|鴻呈;7744|崴寶;8109|博大;3184|微邦,2308|台達電;2352|佳世達;2371|大同;3543|州巧;4104|佳醫;4164|承業醫;4169|泰宗;4195|基米-創;4720|德淵;6614|資拓宏宇;6645|金萬林-創;6838|台新藥;6918|愛派司;6931|青松健康;9917|中保科;5284|jpp-KY;1788|杏昌;3118|進階;3218|大學光;4116|明基醫,2026-08-16 01:24:03 CST,2026-08-16 01:24:03 CST
6918,愛派司,C200,醫療器材,下游/中游,醫療器材代理銷售及通路;醫療器材研發、設計、製造,2308|台達電;2459|敦吉;2476|鉅祥;3010|華立;3543|州巧;6838|台新藥;3665|貿聯-KY;1593|祺驊;3162|精確;3294|英濟;3303|岱稜;4183|福永生技;5356|協益;6151|晉倫;6275|元山;6577|勁豐;6913|鴻呈;7744|崴寶;8109|博大;3184|微邦,2308|台達電;2352|佳世達;2371|大同;3543|州巧;4104|佳醫;4164|承業醫;4169|泰宗;4195|基米-創;4720|德淵;6614|資拓宏宇;6645|金萬林-創;6838|台新藥;6931|青松健康;9917|中保科;5284|jpp-KY;1788|杏昌;3118|進階;3218|大學光;4116|明基醫;4138|曜亞,2026-08-16 01:24:03 CST,2026-08-16 01:24:03 CST
6925,意藍,5300,人工智慧,上游,系統整合;雲端平台;顧問諮詢;機器學習;資料處理,,,2026-08-16 01:24:03 CST,2026-08-16 01:24:03 CST
6925,意藍,R300,電子商務,上游,資料分析處理服務;資訊系統建置服務;行銷廣告服務;資訊聚合,,,2026-08-16 01:24:03 CST,2026-08-16 01:24:03 CST
6925,意藍,5400,雲端運算,下游,雲端應用服務;系統整合;顧問諮詢,2308|台達電;2352|佳世達;2382|廣達;2390|云辰;2480|敦陽科;2495|普安;3029|零壹;3057|喬鼎;3706|神達;6112|邁達特;6614|資拓宏宇;6669|緯穎;8210|勤誠;6221|晉泰;6263|普萊德;6680|鑫創電子;6752|叡揚;7805|威聯通;8277|商丞;5223|安力-KY,,2026-08-16 01:24:03 CST,2026-08-16 01:24:03 CST
6925,意藍,5600,大數據,上游,資料庫;分析工具;系統整合;應用軟體;雲端平台,,,2026-08-16 01:24:03 CST,2026-08-16 01:24:03 CST
6925,意藍,R000,軟體服務,上游,資料處理服務;應用/系統軟體設計開發;系統整合服務,,,2026-08-16 01:24:03 CST,2026-08-16 01:24:03 CST
2449,京元電子,D000,半導體,下游,IC封裝測試,2401|凌陽;3035|智原;3443|創意;5222|全訊;6533|晶心科;6695|芯鼎;3661|世芯-KY;3339|泰谷;3529|力旺;4953|緯致;6423|億而得;6643|M31;8054|安國;8227|巨有科技;8299|群聯;6786|芯測;6842|瑞宇;7707|益芯科;7796|擷發科;7898|乾瞻,,2026-08-16 01:24:03 CST,2026-08-16 01:24:03 CST
2345,智邦,I000,通信網路,下游,網路設備(如數據機、網路卡、閘道器、路由器、網路電話),2459|敦吉;3169|亞信;6470|宇智;8096|擎亞;7661|皓德盛科技;|英特爾;|三星電子;QCOM|高通;2344|華邦電;2408|南亞科;3260|威剛;4973|廣穎電通;8084|巨虹;8088|品安;7866|丹立;7655|依得科;MU|美光;000660.KS|SK海力士;2466|冠西電;2476|鉅祥,,2026-08-16 01:24:03 CST,2026-08-16 01:24:03 CST
6510,精測,D000,半導體,中游,生產製程及檢測設備,2401|凌陽;3035|智原;3443|創意;5222|全訊;6533|晶心科;6695|芯鼎;3661|世芯-KY;3339|泰谷;3529|力旺;4953|緯致;6423|億而得;6643|M31;8054|安國;8227|巨有科技;8299|群聯;6786|芯測;6842|瑞宇;7707|益芯科;7796|擷發科;7898|乾瞻,2308|台達電;2360|致茂;2467|志聖;3030|德律;3055|蔚華科;3583|辛耘;4770|上品;6277|宏正;6438|迅得;6515|穎崴;6937|天虹;7631|聚賢研發-創;7730|暉盛-創;7768|頌勝科技;7822|倍利科;8070|長華*;1595|川寶;3093|港建*;3131|弘塑;3219|倚強科,2026-08-16 01:24:03 CST,2026-08-16 01:24:03 CST
3661,世芯-KY,D000,半導體,上游,IP設計/IC設計代工服務,,2338|光罩;2438|翔耀;|大日本印刷;|豐創;|凸版印刷;2303|聯電;2330|台積電;2337|旺宏;2340|台亞;2344|華邦電;2371|大同;2408|南亞科;2434|統懋;2455|全新;3016|嘉晶;3532|台勝科;4919|新唐;5222|全訊;6770|力積電;8028|昇陽半導體,2026-08-16 01:24:03 CST,2026-08-16 01:24:03 CST
2881,富邦金,U000,金融,上游,金控業/銀行業/保險業,,,2026-08-16 01:24:03 CST,2026-08-16 01:24:03 CST
2882,國泰金,U000,金融,上游,金控業/銀行業/保險業,,,2026-08-16 01:24:03 CST,2026-08-16 01:24:03 CST
2891,中信金,U000,金融,上游,金控業/銀行業/保險業,,,2026-08-16 01:24:03 CST,2026-08-16 01:24:03 CST
2884,玉山金,U000,金融,上游,金控業/銀行業/保險業,,,2026-08-16 01:24:03 CST,2026-08-16 01:24:03 CST
3711,日月光投控,D000,半導體,下游,IC封裝測試,2401|凌陽;3035|智原;3443|創意;5222|全訊;6533|晶心科;6695|芯鼎;3661|世芯-KY;3339|泰谷;3529|力旺;4953|緯致;6423|億而得;6643|M31;8054|安國;8227|巨有科技;8299|群聯;6786|芯測;6842|瑞宇;7707|益芯科;7796|擷發科;7898|乾瞻,,2026-08-16 01:24:03 CST,2026-08-16 01:24:03 CST
2408,南亞科,I000,通信網路,上游,記憶體,,2301|光寶科;2308|台達電;2317|鴻海;2324|仁寶;2332|友訊;2345|智邦;2352|佳世達;2357|華碩;2371|大同;2397|友通;2419|仲琦;2483|百容;2485|兆赫;3002|歐格;3025|星通;3027|盛達;3047|訊舟;3062|建漢;3380|明泰;3419|譁裕,2026-08-16 01:24:03 CST,2026-08-16 01:24:03 CST
2408,南亞科,D000,半導體,中游/上游,IC/晶圓製造;IC設計,2401|凌陽;3035|智原;3443|創意;5222|全訊;6533|晶心科;6695|芯鼎;3661|世芯-KY;3339|泰谷;3529|力旺;4953|緯致;6423|億而得;6643|M31;8054|安國;8227|巨有科技;8299|群聯;6786|芯測;6842|瑞宇;7707|益芯科;7796|擷發科;7898|乾瞻,2308|台達電;2360|致茂;2467|志聖;3030|德律;3055|蔚華科;3583|辛耘;4770|上品;6277|宏正;6438|迅得;6515|穎崴;6937|天虹;7631|聚賢研發-創;7730|暉盛-創;7768|頌勝科技;7822|倍利科;8070|長華*;1595|川寶;3093|港建*;3131|弘塑;3219|倚強科,2026-08-16 01:24:03 CST,2026-08-16 01:24:03 CST
2408,南亞科,F000,電腦及週邊設備,上游,記憶體,,2308|台達電;2317|鴻海;2324|仁寶;2331|精英;2353|宏碁;2356|英業達;2357|華碩;2362|藍天;2364|倫飛;2371|大同;2376|技嘉;2377|微星;2382|廣達;2430|燦坤;2483|百容;3005|神基;3231|緯創;4938|和碩;3213|茂訊;3709|鑫聯大投控,2026-08-16 01:24:03 CST,2026-08-16 01:24:03 CST
2360,致茂,E000,能源元件,下游/中游,電池芯;電池模組,1723|中碳;2352|佳世達;3010|華立;4739|康普;5234|達興材料;6278|台表科;8215|明基材;8261|富鼎;1589|永冠-KY;3665|貿聯-KY;3388|崇越電;6509|聚和;8038|長園科;5227|立凱-KY;3616|泓辰;6555|榮炭;6990|華鉬;7816|來穎;7896|喬越;|L&F,2308|台達電;2439|美律;2459|敦吉;3015|全漢;3026|禾伸堂;6278|台表科;3211|順達;3323|加百裕;3625|西勝;4931|新盛力;5309|系統電;6121|新普;6441|廣錠;6509|聚和;8038|長園科;8109|博大;8171|天宇;5543|桓鼎-KY;6940|格斯科技*;7758|睿騰能源,2026-08-16 01:24:03 CST,2026-08-16 01:24:03 CST
2360,致茂,X000,其他,上游,其他電子產品及電子服務產業,,,2026-08-16 01:24:03 CST,2026-08-16 01:24:03 CST
2360,致茂,R000,軟體服務,上游,系統整合服務,,,2026-08-16 01:24:03 CST,2026-08-16 01:24:03 CST
2360,致茂,AD10,智慧電網,上游,高/低壓輸電設施;配電管理設施,,,2026-08-16 01:24:03 CST,2026-08-16 01:24:03 CST
2360,致茂,A200,LED照明產業,中游,生產製程、檢測設備及原物料,2371|大同;2491|吉祥全;3383|新世紀;6278|台表科;3615|安可;7648|百陽生技;6971.T|京瓷;|Mono Crystal;|Rubicon,1809|中釉;2301|光寶科;2371|大同;2393|億光;2491|吉祥全;3026|禾伸堂;3031|佰鴻;3052|夆典;3346|麗清;3383|新世紀;3437|榮創;3591|艾笛森;3714|富采;5244|弘凱;5434|崇越;6164|華興;6168|宏齊;6226|光鼎;6271|同欣電;6278|台表科,2026-08-16 01:24:03 CST,2026-08-16 01:24:03 CST
2360,致茂,D000,半導體,下游/中游,生產製程及檢測設備,2401|凌陽;3035|智原;3443|創意;5222|全訊;6533|晶心科;6695|芯鼎;3661|世芯-KY;3339|泰谷;3529|力旺;4953|緯致;6423|億而得;6643|M31;8054|安國;8227|巨有科技;8299|群聯;6786|芯測;6842|瑞宇;7707|益芯科;7796|擷發科;7898|乾瞻,2308|台達電;2467|志聖;3030|德律;3055|蔚華科;3583|辛耘;4770|上品;6277|宏正;6438|迅得;6515|穎崴;6937|天虹;7631|聚賢研發-創;7730|暉盛-創;7768|頌勝科技;7822|倍利科;8070|長華*;1595|川寶;3093|港建*;3131|弘塑;3219|倚強科;3339|泰谷,2026-08-16 01:24:03 CST,2026-08-16 01:24:03 CST
2360,致茂,F000,電腦及週邊設備,上游,電源供應器,,2308|台達電;2317|鴻海;2324|仁寶;2331|精英;2353|宏碁;2356|英業達;2357|華碩;2362|藍天;2364|倫飛;2371|大同;2376|技嘉;2377|微星;2382|廣達;2430|燦坤;2483|百容;3005|神基;3231|緯創;4938|和碩;3213|茂訊;3709|鑫聯大投控,2026-08-16 01:24:03 CST,2026-08-16 01:24:03 CST
2360,致茂,G000,平面顯示器,中游,生產製程及檢測,1711|永光;1717|長興;1773|勝一;3010|華立;4720|德淵;4722|國精化;4755|三福化;5234|達興材料;1785|光洋科;3663|鑫科;4749|新應材;4768|晶呈科技;4772|台特化;6959|兆捷科技;|東進;|ENEOS控股株式會社;|富士軟片;|JSR株式會社;MRK|默克集團;|三井金屬,2371|大同;|戴爾;|惠普;|聯想;1614|三洋電;2352|佳世達;2489|瑞軒;3024|憶聲;6120|達運;9912|偉聯;3128|昇銳;3434|哲固;3541|西柏;4995|晶達;5493|三聯;6673|和詮;|LG顯示;|三星電子;1604|聲寶;2324|仁寶,2026-08-16 01:24:03 CST,2026-08-16 01:24:03 CST
2360,致茂,A300,電動車輛產業,中游,零組件,1605|華新;1611|中電;1723|中碳;2308|台達電;2352|佳世達;2371|大同;3010|華立;4739|康普;5234|達興材料;6278|台表科;8215|明基材;4721|美琪瑪;8038|長園科;8358|金居;5227|立凱-KY;3616|泓辰;6555|榮炭;7618|益瑞;|貝特瑞;|L&F,2207|和泰車;2237|華德動能-創;2308|台達電;3015|全漢;4952|凌通;6202|盛群;6278|台表科;8261|富鼎;9914|美利達;1599|宏佳騰;5457|宣德;8933|愛地雅;8937|合騏*;5227|立凱-KY;5543|桓鼎-KY;3616|泓辰;7697|微笑元素創意;|Accell Group;|北京汽車;|比亞迪汽車,2026-08-16 01:24:03 CST,2026-08-16 01:24:03 CST
3653,健策,D000,半導體,下游,導線架,2401|凌陽;3035|智原;3443|創意;5222|全訊;6533|晶心科;6695|芯鼎;3661|世芯-KY;3339|泰谷;3529|力旺;4953|緯致;6423|億而得;6643|M31;8054|安國;8227|巨有科技;8299|群聯;6786|芯測;6842|瑞宇;7707|益芯科;7796|擷發科;7898|乾瞻,,2026-08-16 01:24:03 CST,2026-08-16 01:24:03 CST
3665,貿聯-KY,E000,能源元件,上游,原材料,,2308|台達電;2360|致茂;6278|台表科;6558|興能高;6509|聚和;8038|長園科;6940|格斯科技*;7816|來穎;|寧德時代;|LG化學;|樂金化學;|松下電器;|三星SDI;2439|美律;2459|敦吉;3015|全漢;3026|禾伸堂;3211|順達;3323|加百裕;3625|西勝,2026-08-16 01:24:03 CST,2026-08-16 01:24:03 CST
3665,貿聯-KY,I000,通信網路,上游,線材;其他零組件,,2301|光寶科;2308|台達電;2317|鴻海;2324|仁寶;2332|友訊;2345|智邦;2352|佳世達;2357|華碩;2371|大同;2397|友通;2419|仲琦;2483|百容;2485|兆赫;3002|歐格;3025|星通;3027|盛達;3047|訊舟;3062|建漢;3380|明泰;3419|譁裕,2026-08-16 01:24:03 CST,2026-08-16 01:24:03 CST
3665,貿聯-KY,L000,印刷電路板,中游,基板組裝加工及相關製造,1303|南亞;1802|台玻;1815|富喬;3388|崇越電;5340|建榮;5475|德宏;|AGY Holding Corp;|建滔化工;|日東紡;1717|長興;4764|雙鍵;|杜邦;|邁圖;|巴斯夫;|Sumitomo Bakelite;4989|榮科;8358|金居;|古河電氣工業;|JX金屬;|三井金屬,,2026-08-16 01:24:03 CST,2026-08-16 01:24:03 CST
3665,貿聯-KY,B000,休閒娛樂,上游,休閒車業,,,2026-08-16 01:24:03 CST,2026-08-16 01:24:03 CST
3665,貿聯-KY,C200,醫療器材,上游,電子零組件、塑化材料、五金零件,,1733|五鼎;2483|百容;4736|泰博;6201|亞弘電;6838|台新藥;5284|jpp-KY;1781|合世;1799|易威;3373|熱映;4121|優盛;4735|豪展;5457|宣德;6577|勁豐;6543|普惠醫工;7850|寶泰生醫;7574|元健大和;7671|寶泓生醫;7681|深禾醫;7696|遠醫科;|A&D,2026-08-16 01:24:03 CST,2026-08-16 01:24:03 CST
3665,貿聯-KY,K000,連接器,下游/上游,連接器設計、組裝及製造;塑膠材料,1617|榮星;2476|鉅祥;3310|佳穎;|Codelco;|費利浦·麥克莫蘭銅金公司;|世泰科;|攀時;|俄羅斯鋁業聯合公司;8431|匯鑽科;|巴里克黃金公司;|紐蒙特礦業;|PT Timah;3010|華立;4755|三福化;6151|晉倫;8240|華宏;7896|喬越;8058|耐特;|巴斯夫;|泰科纳,2317|鴻海;2352|佳世達;2392|正崴;2459|敦吉;2460|建通;2462|良得電;2483|百容;3003|健和興;3011|今皓;3021|鴻名;3023|信邦;3419|譁裕;3432|台端;3501|維熹;3533|嘉澤;3605|宏致;6115|鎰勝;6133|金橋;6165|浪凡;6197|佳必琪,2026-08-16 01:24:03 CST,2026-08-16 01:24:03 CST
3665,貿聯-KY,A100,太陽能產業,上游,材料,,3305|昇貿;3576|聯合再生;4934|太極;6443|元晶;4768|晶呈科技;5483|中美晶;6244|茂迪;|第一太陽能;|Hanwha Q Cells;|晶澳太陽能;|英利綠色能源;3043|科風;4949|有成精密;5434|崇越;6477|安集;3713|新晶投控;8109|博大;7890|明曜科技;|晶科能源公司;|Solar Frontier  K.K,2026-08-16 01:24:03 CST,2026-08-16 01:24:03 CST
3665,貿聯-KY,F000,電腦及週邊設備,上游,其他電腦及週邊設備之零組件;連接線,,2308|台達電;2317|鴻海;2324|仁寶;2331|精英;2353|宏碁;2356|英業達;2357|華碩;2362|藍天;2364|倫飛;2371|大同;2376|技嘉;2377|微星;2382|廣達;2430|燦坤;2483|百容;3005|神基;3231|緯創;4938|和碩;3213|茂訊;3709|鑫聯大投控,2026-08-16 01:24:03 CST,2026-08-16 01:24:03 CST
3665,貿聯-KY,A300,電動車輛產業,中游,零組件,1605|華新;1611|中電;1723|中碳;2308|台達電;2352|佳世達;2371|大同;3010|華立;4739|康普;5234|達興材料;6278|台表科;8215|明基材;4721|美琪瑪;8038|長園科;8358|金居;5227|立凱-KY;3616|泓辰;6555|榮炭;7618|益瑞;|貝特瑞;|L&F,2207|和泰車;2237|華德動能-創;2308|台達電;3015|全漢;4952|凌通;6202|盛群;6278|台表科;8261|富鼎;9914|美利達;1599|宏佳騰;5457|宣德;8933|愛地雅;8937|合騏*;5227|立凱-KY;5543|桓鼎-KY;3616|泓辰;7697|微笑元素創意;|Accell Group;|北京汽車;|比亞迪汽車,2026-08-16 01:24:03 CST,2026-08-16 01:24:03 CST
2344,華邦電,I000,通信網路,上游,記憶體,,2301|光寶科;2308|台達電;2317|鴻海;2324|仁寶;2332|友訊;2345|智邦;2352|佳世達;2357|華碩;2371|大同;2397|友通;2419|仲琦;2483|百容;2485|兆赫;3002|歐格;3025|星通;3027|盛達;3047|訊舟;3062|建漢;3380|明泰;3419|譁裕,2026-08-16 01:24:03 CST,2026-08-16 01:24:03 CST
2344,華邦電,D000,半導體,中游/上游,IC/晶圓製造;IC設計,2401|凌陽;3035|智原;3443|創意;5222|全訊;6533|晶心科;6695|芯鼎;3661|世芯-KY;3339|泰谷;3529|力旺;4953|緯致;6423|億而得;6643|M31;8054|安國;8227|巨有科技;8299|群聯;6786|芯測;6842|瑞宇;7707|益芯科;7796|擷發科;7898|乾瞻,2308|台達電;2360|致茂;2467|志聖;3030|德律;3055|蔚華科;3583|辛耘;4770|上品;6277|宏正;6438|迅得;6515|穎崴;6937|天虹;7631|聚賢研發-創;7730|暉盛-創;7768|頌勝科技;7822|倍利科;8070|長華*;1595|川寶;3093|港建*;3131|弘塑;3219|倚強科,2026-08-16 01:24:03 CST,2026-08-16 01:24:03 CST
2344,華邦電,F000,電腦及週邊設備,上游,記憶體,,2308|台達電;2317|鴻海;2324|仁寶;2331|精英;2353|宏碁;2356|英業達;2357|華碩;2362|藍天;2364|倫飛;2371|大同;2376|技嘉;2377|微星;2382|廣達;2430|燦坤;2483|百容;3005|神基;3231|緯創;4938|和碩;3213|茂訊;3709|鑫聯大投控,2026-08-16 01:24:03 CST,2026-08-16 01:24:03 CST
2337,旺宏,D000,半導體,下游/中游/上游,IC封裝測試;IC/晶圓製造;IC設計,2401|凌陽;3035|智原;3443|創意;5222|全訊;6533|晶心科;6695|芯鼎;3661|世芯-KY;3339|泰谷;3529|力旺;4953|緯致;6423|億而得;6643|M31;8054|安國;8227|巨有科技;8299|群聯;6786|芯測;6842|瑞宇;7707|益芯科;7796|擷發科;7898|乾瞻,2308|台達電;2360|致茂;2467|志聖;3030|德律;3055|蔚華科;3583|辛耘;4770|上品;6277|宏正;6438|迅得;6515|穎崴;6937|天虹;7631|聚賢研發-創;7730|暉盛-創;7768|頌勝科技;7822|倍利科;8070|長華*;1595|川寶;3093|港建*;3131|弘塑;3219|倚強科,2026-08-16 01:24:03 CST,2026-08-16 01:24:03 CST
3443,創意,D000,半導體,上游,IP設計/IC設計代工服務,,2338|光罩;2438|翔耀;|大日本印刷;|豐創;|凸版印刷;2303|聯電;2330|台積電;2337|旺宏;2340|台亞;2344|華邦電;2371|大同;2408|南亞科;2434|統懋;2455|全新;3016|嘉晶;3532|台勝科;4919|新唐;5222|全訊;6770|力積電;8028|昇陽半導體,2026-08-16 01:24:03 CST,2026-08-16 01:24:03 CST
2851,中再保,U000,金融,上游,金控業/銀行業/保險業,,,2026-08-16 01:24:03 CST,2026-08-16 01:24:03 CST
6414,樺漢,F000,電腦及週邊設備,下游,工業電腦,2388|威盛;3709|鑫聯大投控;8096|擎亞;|超微半導體;|英特爾;6189|豐藝;6233|旺玖;|輝達;2459|敦吉;3038|全台;5315|光聯;6167|久正;|京東方;|LG顯示;|三星電子;|三星顯示;2376|技嘉;3024|憶聲;3516|亞帝歐;5386|青雲,,2026-08-16 01:24:03 CST,2026-08-16 01:24:03 CST
6166,凌華,F000,電腦及週邊設備,下游,工業電腦,2388|威盛;3709|鑫聯大投控;8096|擎亞;|超微半導體;|英特爾;6189|豐藝;6233|旺玖;|輝達;2459|敦吉;3038|全台;5315|光聯;6167|久正;|京東方;|LG顯示;|三星電子;|三星顯示;2376|技嘉;3024|憶聲;3516|亞帝歐;5386|青雲,,2026-08-16 01:24:03 CST,2026-08-16 01:24:03 CST
6579,研揚,F000,電腦及週邊設備,下游,其他電腦及週邊設備;工業電腦,2388|威盛;3709|鑫聯大投控;8096|擎亞;|超微半導體;|英特爾;6189|豐藝;6233|旺玖;|輝達;2459|敦吉;3038|全台;5315|光聯;6167|久正;|京東方;|LG顯示;|三星電子;|三星顯示;2376|技嘉;3024|憶聲;3516|亞帝歐;5386|青雲,,2026-08-16 01:24:03 CST,2026-08-16 01:24:03 CST
8234,新漢,F000,電腦及週邊設備,下游,工業電腦,2388|威盛;3709|鑫聯大投控;8096|擎亞;|超微半導體;|英特爾;6189|豐藝;6233|旺玖;|輝達;2459|敦吉;3038|全台;5315|光聯;6167|久正;|京東方;|LG顯示;|三星電子;|三星顯示;2376|技嘉;3024|憶聲;3516|亞帝歐;5386|青雲,,2026-08-16 01:24:03 CST,2026-08-16 01:24:03 CST
3479,安勤,F000,電腦及週邊設備,下游,工業電腦,2388|威盛;3709|鑫聯大投控;8096|擎亞;|超微半導體;|英特爾;6189|豐藝;6233|旺玖;|輝達;2459|敦吉;3038|全台;5315|光聯;6167|久正;|京東方;|LG顯示;|三星電子;|三星顯示;2376|技嘉;3024|憶聲;3516|亞帝歐;5386|青雲,,2026-08-16 01:24:03 CST,2026-08-16 01:24:03 CST
6245,立端,I000,通信網路,下游,網路設備(如數據機、網路卡、閘道器、路由器、網路電話),2459|敦吉;3169|亞信;6470|宇智;8096|擎亞;7661|皓德盛科技;|英特爾;|三星電子;QCOM|高通;2344|華邦電;2408|南亞科;3260|威剛;4973|廣穎電通;8084|巨虹;8088|品安;7866|丹立;7655|依得科;MU|美光;000660.KS|SK海力士;2466|冠西電;2476|鉅祥,,2026-08-16 01:24:03 CST,2026-08-16 01:24:03 CST
6245,立端,F000,電腦及週邊設備,下游/上游,主機板;工業電腦,2388|威盛;3709|鑫聯大投控;8096|擎亞;|超微半導體;|英特爾;6189|豐藝;6233|旺玖;|輝達;2459|敦吉;3038|全台;5315|光聯;6167|久正;|京東方;|LG顯示;|三星電子;|三星顯示;2376|技嘉;3024|憶聲;3516|亞帝歐;5386|青雲,2308|台達電;2317|鴻海;2324|仁寶;2331|精英;2353|宏碁;2356|英業達;2357|華碩;2362|藍天;2364|倫飛;2371|大同;2376|技嘉;2377|微星;2382|廣達;2430|燦坤;2483|百容;3005|神基;3231|緯創;4938|和碩;3213|茂訊;3709|鑫聯大投控,2026-08-16 01:24:03 CST,2026-08-16 01:24:03 CST
8050,廣積,F000,電腦及週邊設備,下游,工業電腦,2388|威盛;3709|鑫聯大投控;8096|擎亞;|超微半導體;|英特爾;6189|豐藝;6233|旺玖;|輝達;2459|敦吉;3038|全台;5315|光聯;6167|久正;|京東方;|LG顯示;|三星電子;|三星顯示;2376|技嘉;3024|憶聲;3516|亞帝歐;5386|青雲,,2026-08-16 01:24:03 CST,2026-08-16 01:24:03 CST
5347,世界,D000,半導體,中游,IC/晶圓製造,2401|凌陽;3035|智原;3443|創意;5222|全訊;6533|晶心科;6695|芯鼎;3661|世芯-KY;3339|泰谷;3529|力旺;4953|緯致;6423|億而得;6643|M31;8054|安國;8227|巨有科技;8299|群聯;6786|芯測;6842|瑞宇;7707|益芯科;7796|擷發科;7898|乾瞻,2308|台達電;2360|致茂;2467|志聖;3030|德律;3055|蔚華科;3583|辛耘;4770|上品;6277|宏正;6438|迅得;6515|穎崴;6937|天虹;7631|聚賢研發-創;7730|暉盛-創;7768|頌勝科技;7822|倍利科;8070|長華*;1595|川寶;3093|港建*;3131|弘塑;3219|倚強科,2026-08-16 01:24:03 CST,2026-08-16 01:24:03 CST
6770,力積電,D000,半導體,中游,IC/晶圓製造,2401|凌陽;3035|智原;3443|創意;5222|全訊;6533|晶心科;6695|芯鼎;3661|世芯-KY;3339|泰谷;3529|力旺;4953|緯致;6423|億而得;6643|M31;8054|安國;8227|巨有科技;8299|群聯;6786|芯測;6842|瑞宇;7707|益芯科;7796|擷發科;7898|乾瞻,2308|台達電;2360|致茂;2467|志聖;3030|德律;3055|蔚華科;3583|辛耘;4770|上品;6277|宏正;6438|迅得;6515|穎崴;6937|天虹;7631|聚賢研發-創;7730|暉盛-創;7768|頌勝科技;7822|倍利科;8070|長華*;1595|川寶;3093|港建*;3131|弘塑;3219|倚強科,2026-08-16 01:24:03 CST,2026-08-16 01:24:03 CST
